metodo,ruta,summary,description,summary_generico,description_generica,es_generica
POST,/Auth/forgot-password,Registro de seguridad bancaria: registra una solicitud de forgot password dentro de seguridad bancaria para la ruta /Auth/forgot-password,"Qué hace: registra una solicitud de forgot password dentro de seguridad bancaria para la ruta /Auth/forgot-password. Cuándo se usa: se utiliza durante ventanas operativas controladas cuando se requiere aplicar cambios en seguridad bancaria (/Auth/forgot-password). Perfil consumidor: seguridad bancaria, administradores de plataforma y auditoría técnica. Permiso requerido: acceso anónimo. Tipo de operación: POST. Naturaleza: modifica información. Genera auditoría: sí, explícita por cambio de estado o acción operativa. Códigos de respuesta deducibles: 200. Riesgo operativo: alto; requiere segregación de funciones, revisión de autorizaciones y manejo seguro de evidencia. Relación ACH/CENIT/NACHA-M: mantiene consistencia operativa del dominio seguridad bancaria dentro del circuito ACH/CENIT/NACHA-M. Precauciones para desarrollo u operación: aplicar segregación de funciones, bitácora de cambio y verificación de impacto antes de confirmar la acción en /Auth/forgot-password.",no,no,no
POST,/Auth/login,Registro de seguridad bancaria: registra una solicitud de login dentro de seguridad bancaria para la ruta /Auth/login,"Qué hace: registra una solicitud de login dentro de seguridad bancaria para la ruta /Auth/login. Cuándo se usa: se utiliza durante ventanas operativas controladas cuando se requiere aplicar cambios en seguridad bancaria (/Auth/login). Perfil consumidor: seguridad bancaria, administradores de plataforma y auditoría técnica. Permiso requerido: acceso anónimo. Tipo de operación: POST. Naturaleza: modifica información. Genera auditoría: sí, explícita por cambio de estado o acción operativa. Códigos de respuesta deducibles: 200. Riesgo operativo: alto; requiere segregación de funciones, revisión de autorizaciones y manejo seguro de evidencia. Relación ACH/CENIT/NACHA-M: mantiene consistencia operativa del dominio seguridad bancaria dentro del circuito ACH/CENIT/NACHA-M. Precauciones para desarrollo u operación: aplicar segregación de funciones, bitácora de cambio y verificación de impacto antes de confirmar la acción en /Auth/login.",no,no,no
POST,/Auth/refresh,Registro de seguridad bancaria: registra una solicitud de refresh session dentro de seguridad bancaria para la ruta /Auth/refresh,"Qué hace: registra una solicitud de refresh session dentro de seguridad bancaria para la ruta /Auth/refresh. Cuándo se usa: se utiliza durante ventanas operativas controladas cuando se requiere aplicar cambios en seguridad bancaria (/Auth/refresh). Perfil consumidor: seguridad bancaria, administradores de plataforma y auditoría técnica. Permiso requerido: requiere token válido con autorización. Tipo de operación: POST. Naturaleza: modifica información. Genera auditoría: sí, explícita por cambio de estado o acción operativa. Códigos de respuesta deducibles: 200. Riesgo operativo: alto; requiere segregación de funciones, revisión de autorizaciones y manejo seguro de evidencia. Relación ACH/CENIT/NACHA-M: mantiene consistencia operativa del dominio seguridad bancaria dentro del circuito ACH/CENIT/NACHA-M. Precauciones para desarrollo u operación: aplicar segregación de funciones, bitácora de cambio y verificación de impacto antes de confirmar la acción en /Auth/refresh.",no,no,no
POST,/Auth/reset-password,Registro de seguridad bancaria: registra una solicitud de reset password dentro de seguridad bancaria para la ruta /Auth/reset-password,"Qué hace: registra una solicitud de reset password dentro de seguridad bancaria para la ruta /Auth/reset-password. Cuándo se usa: se utiliza durante ventanas operativas controladas cuando se requiere aplicar cambios en seguridad bancaria (/Auth/reset-password). Perfil consumidor: seguridad bancaria, administradores de plataforma y auditoría técnica. Permiso requerido: acceso anónimo. Tipo de operación: POST. Naturaleza: modifica información. Genera auditoría: sí, explícita por cambio de estado o acción operativa. Códigos de respuesta deducibles: 200. Riesgo operativo: alto; requiere segregación de funciones, revisión de autorizaciones y manejo seguro de evidencia. Relación ACH/CENIT/NACHA-M: mantiene consistencia operativa del dominio seguridad bancaria dentro del circuito ACH/CENIT/NACHA-M. Precauciones para desarrollo u operación: aplicar segregación de funciones, bitácora de cambio y verificación de impacto antes de confirmar la acción en /Auth/reset-password.",no,no,no
POST,/Maintenance/seed,Registro de maintenance: registra una solicitud de run db initializer dentro de maintenance para la ruta /Maintenance/seed,"Qué hace: registra una solicitud de run db initializer dentro de maintenance para la ruta /Maintenance/seed. Cuándo se usa: se utiliza durante ventanas operativas controladas cuando se requiere aplicar cambios en maintenance (/Maintenance/seed). Perfil consumidor: equipos funcionales y técnicos responsables de maintenance. Permiso requerido: requiere token válido (sin política explícita en atributo). Tipo de operación: POST. Naturaleza: modifica información. Genera auditoría: sí, explícita por cambio de estado o acción operativa. Códigos de respuesta deducibles: 200. Riesgo operativo: medio/alto; un cambio incorrecto puede afectar conciliación ACH, trazabilidad CENIT o integridad NACHA-M. Relación ACH/CENIT/NACHA-M: mantiene consistencia operativa del dominio maintenance dentro del circuito ACH/CENIT/NACHA-M. Precauciones para desarrollo u operación: aplicar segregación de funciones, bitácora de cambio y verificación de impacto antes de confirmar la acción en /Maintenance/seed.",no,no,no
POST,/Nacha/header,Registro de operación NACHA-M: registra una solicitud de save header dentro de operación NACHA-M para la ruta /Nacha/header,"Qué hace: registra una solicitud de save header dentro de operación NACHA-M para la ruta /Nacha/header. Cuándo se usa: se utiliza durante ventanas operativas controladas cuando se requiere aplicar cambios en operación NACHA-M (/Nacha/header). Perfil consumidor: equipos funcionales y técnicos responsables de operación NACHA-M. Permiso requerido: acceso anónimo. Tipo de operación: POST. Naturaleza: modifica información. Genera auditoría: sí, explícita por cambio de estado o acción operativa. Códigos de respuesta deducibles: 200. Riesgo operativo: medio/alto; un cambio incorrecto puede afectar conciliación ACH, trazabilidad CENIT o integridad NACHA-M. Relación ACH/CENIT/NACHA-M: controla trazabilidad, generación, recepción o aseguramiento de archivos NACHA-M con impacto directo en compensación ACH/CENIT. Precauciones para desarrollo u operación: aplicar segregación de funciones, bitácora de cambio y verificación de impacto antes de confirmar la acción en /Nacha/header.",no,no,no
GET,/NachaExport/{cycleId},Exportar archivo NACHA de un ciclo,"Qué hace: genera/retorna archivo NACHA del ciclo con política de nombre externo y control de duplicados. Cuándo se usa: en cierre de ciclo para entrega interbancaria. Perfil consumidor: operación ACH de compensación. Permiso requerido: CanReadAch. Tipo de operación: solo consulta. Genera auditoría: sí, por auditoría de exportación y nombre externo. Riesgos operativos: exportar ciclo no listo produce archivo inconsistente. Errores esperados: 404 ciclo/cámara no encontrada; 409 por política de nombre duplicado; 400 por validación. Relación ACH/CENIT/NACHA-M: salida NACHA-M oficial para flujo ACH/CENIT. Precauciones para desarrollo u operación: verificar estado de ciclo y correlación externa antes de distribuir.",no,no,no
GET,/NachaExport/{cycleId}/sobre-digital,Exportar NACHA con sobre digital,"Qué hace: genera exportación aplicando cifrado según política o forzado explícito. Cuándo se usa: cuando la contraparte exige sobre digital. Perfil consumidor: operación ACH y seguridad. Permiso requerido: CanReadAch. Tipo de operación: solo consulta. Genera auditoría: sí, por auditoría de exportación y seguridad. Riesgos operativos: cifrado inadecuado impide recepción por contraparte. Errores esperados: 400 por parámetros/política; 404 ciclo; 409 por conflictos de nombre. Relación ACH/CENIT/NACHA-M: integra generación NACHA-M con seguridad criptográfica operativa. Precauciones para desarrollo u operación: confirmar certificados activos y política de cifrado vigente.",no,no,no
GET,/NachaUpload/records,Consulta de operación NACHA-M: consulta get uploaded records dentro de operación NACHA-M para la ruta /NachaUpload/records,"Qué hace: consulta get uploaded records dentro de operación NACHA-M para la ruta /NachaUpload/records. Cuándo se usa: se utiliza en monitoreo operativo, conciliación y soporte cuando se requiere visibilidad puntual en operación NACHA-M (/NachaUpload/records). Perfil consumidor: equipos funcionales y técnicos responsables de operación NACHA-M. Permiso requerido: CanReadAch. Tipo de operación: GET. Naturaleza: solo consulta. Genera auditoría: sí, por trazas de acceso y correlación operativa. Códigos de respuesta deducibles: 200. Riesgo operativo: medio; consultas con filtros incorrectos pueden producir diagnósticos operativos erróneos. Relación ACH/CENIT/NACHA-M: controla trazabilidad, generación, recepción o aseguramiento de archivos NACHA-M con impacto directo en compensación ACH/CENIT. Precauciones para desarrollo u operación: validar filtros, rangos de fecha y correlación de identificadores antes de usar resultados de /NachaUpload/records en decisiones operativas.",no,no,no
POST,/NachaUpload/upload,Registro de operación NACHA-M: registra una solicitud de upload nacha file dentro de operación NACHA-M para la ruta /NachaUpload/upload,"Qué hace: registra una solicitud de upload nacha file dentro de operación NACHA-M para la ruta /NachaUpload/upload. Cuándo se usa: se utiliza durante ventanas operativas controladas cuando se requiere aplicar cambios en operación NACHA-M (/NachaUpload/upload). Perfil consumidor: equipos funcionales y técnicos responsables de operación NACHA-M. Permiso requerido: CanReadAch + CanManageAch. Tipo de operación: POST. Naturaleza: modifica información. Genera auditoría: sí, explícita por cambio de estado o acción operativa. Códigos de respuesta deducibles: 200. Riesgo operativo: medio/alto; un cambio incorrecto puede afectar conciliación ACH, trazabilidad CENIT o integridad NACHA-M. Relación ACH/CENIT/NACHA-M: controla trazabilidad, generación, recepción o aseguramiento de archivos NACHA-M con impacto directo en compensación ACH/CENIT. Precauciones para desarrollo u operación: aplicar segregación de funciones, bitácora de cambio y verificación de impacto antes de confirmar la acción en /NachaUpload/upload.",no,no,no
POST,/Oauths/GenerateToken,Registro de seguridad bancaria: registra una solicitud de generate token dentro de seguridad bancaria para la ruta /Oauths/GenerateToken,"Qué hace: registra una solicitud de generate token dentro de seguridad bancaria para la ruta /Oauths/GenerateToken. Cuándo se usa: se utiliza durante ventanas operativas controladas cuando se requiere aplicar cambios en seguridad bancaria (/Oauths/GenerateToken). Perfil consumidor: seguridad bancaria, administradores de plataforma y auditoría técnica. Permiso requerido: acceso anónimo. Tipo de operación: POST. Naturaleza: modifica información. Genera auditoría: sí, explícita por cambio de estado o acción operativa. Códigos de respuesta deducibles: 200. Riesgo operativo: alto; requiere segregación de funciones, revisión de autorizaciones y manejo seguro de evidencia. Relación ACH/CENIT/NACHA-M: mantiene consistencia operativa del dominio seguridad bancaria dentro del circuito ACH/CENIT/NACHA-M. Precauciones para desarrollo u operación: aplicar segregación de funciones, bitácora de cambio y verificación de impacto antes de confirmar la acción en /Oauths/GenerateToken.",no,no,no
POST,/Oauths/GenerateTokenAsync,Registro de seguridad bancaria: registra una solicitud de generate token dentro de seguridad bancaria para la ruta /Oauths/GenerateTokenAsync,"Qué hace: registra una solicitud de generate token dentro de seguridad bancaria para la ruta /Oauths/GenerateTokenAsync. Cuándo se usa: se utiliza durante ventanas operativas controladas cuando se requiere aplicar cambios en seguridad bancaria (/Oauths/GenerateTokenAsync). Perfil consumidor: seguridad bancaria, administradores de plataforma y auditoría técnica. Permiso requerido: acceso anónimo. Tipo de operación: POST. Naturaleza: modifica información. Genera auditoría: sí, explícita por cambio de estado o acción operativa. Códigos de respuesta deducibles: 200. Riesgo operativo: alto; requiere segregación de funciones, revisión de autorizaciones y manejo seguro de evidencia. Relación ACH/CENIT/NACHA-M: mantiene consistencia operativa del dominio seguridad bancaria dentro del circuito ACH/CENIT/NACHA-M. Precauciones para desarrollo u operación: aplicar segregación de funciones, bitácora de cambio y verificación de impacto antes de confirmar la acción en /Oauths/GenerateTokenAsync.",no,no,no
POST,/SobreDigital/decrypt,Registro de sobre digital: registra una solicitud de decrypt dentro de sobre digital para la ruta /SobreDigital/decrypt,"Qué hace: registra una solicitud de decrypt dentro de sobre digital para la ruta /SobreDigital/decrypt. Cuándo se usa: se utiliza durante ventanas operativas controladas cuando se requiere aplicar cambios en sobre digital (/SobreDigital/decrypt). Perfil consumidor: equipos funcionales y técnicos responsables de sobre digital. Permiso requerido: requiere token válido (sin política explícita en atributo). Tipo de operación: POST. Naturaleza: modifica información. Genera auditoría: sí, explícita por cambio de estado o acción operativa. Códigos de respuesta deducibles: 200. Riesgo operativo: alto; requiere segregación de funciones, revisión de autorizaciones y manejo seguro de evidencia. Relación ACH/CENIT/NACHA-M: mantiene consistencia operativa del dominio sobre digital dentro del circuito ACH/CENIT/NACHA-M. Precauciones para desarrollo u operación: aplicar segregación de funciones, bitácora de cambio y verificación de impacto antes de confirmar la acción en /SobreDigital/decrypt.",no,no,no
POST,/SobreDigital/encrypt,Registro de sobre digital: registra una solicitud de encrypt dentro de sobre digital para la ruta /SobreDigital/encrypt,"Qué hace: registra una solicitud de encrypt dentro de sobre digital para la ruta /SobreDigital/encrypt. Cuándo se usa: se utiliza durante ventanas operativas controladas cuando se requiere aplicar cambios en sobre digital (/SobreDigital/encrypt). Perfil consumidor: equipos funcionales y técnicos responsables de sobre digital. Permiso requerido: requiere token válido (sin política explícita en atributo). Tipo de operación: POST. Naturaleza: modifica información. Genera auditoría: sí, explícita por cambio de estado o acción operativa. Códigos de respuesta deducibles: 200. Riesgo operativo: alto; requiere segregación de funciones, revisión de autorizaciones y manejo seguro de evidencia. Relación ACH/CENIT/NACHA-M: mantiene consistencia operativa del dominio sobre digital dentro del circuito ACH/CENIT/NACHA-M. Precauciones para desarrollo u operación: aplicar segregación de funciones, bitácora de cambio y verificación de impacto antes de confirmar la acción en /SobreDigital/encrypt.",no,no,no
POST,/SobreDigital/testRSA,Registro de sobre digital: registra una solicitud de test r s a dentro de sobre digital para la ruta /SobreDigital/testRSA,"Qué hace: registra una solicitud de test r s a dentro de sobre digital para la ruta /SobreDigital/testRSA. Cuándo se usa: se utiliza durante ventanas operativas controladas cuando se requiere aplicar cambios en sobre digital (/SobreDigital/testRSA). Perfil consumidor: equipos funcionales y técnicos responsables de sobre digital. Permiso requerido: requiere token válido (sin política explícita en atributo). Tipo de operación: POST. Naturaleza: modifica información. Genera auditoría: sí, explícita por cambio de estado o acción operativa. Códigos de respuesta deducibles: 200. Riesgo operativo: medio/alto; un cambio incorrecto puede afectar conciliación ACH, trazabilidad CENIT o integridad NACHA-M. Relación ACH/CENIT/NACHA-M: mantiene consistencia operativa del dominio sobre digital dentro del circuito ACH/CENIT/NACHA-M. Precauciones para desarrollo u operación: aplicar segregación de funciones, bitácora de cambio y verificación de impacto antes de confirmar la acción en /SobreDigital/testRSA.",no,no,no
GET,/TaskDefinitions,Consulta de task definitions: consulta get dentro de task definitions para la ruta /TaskDefinitions,"Qué hace: consulta get dentro de task definitions para la ruta /TaskDefinitions. Cuándo se usa: se utiliza en monitoreo operativo, conciliación y soporte cuando se requiere visibilidad puntual en task definitions (/TaskDefinitions). Perfil consumidor: equipos funcionales y técnicos responsables de task definitions. Permiso requerido: CanReadAch. Tipo de operación: GET. Naturaleza: solo consulta. Genera auditoría: sí, por trazas de acceso y correlación operativa. Códigos de respuesta deducibles: 200. Riesgo operativo: medio; consultas con filtros incorrectos pueden producir diagnósticos operativos erróneos. Relación ACH/CENIT/NACHA-M: mantiene consistencia operativa del dominio task definitions dentro del circuito ACH/CENIT/NACHA-M. Precauciones para desarrollo u operación: validar filtros, rangos de fecha y correlación de identificadores antes de usar resultados de /TaskDefinitions en decisiones operativas.",no,no,no
POST,/TaskDefinitions,Registro de task definitions: registra una solicitud de post dentro de task definitions para la ruta /TaskDefinitions,"Qué hace: registra una solicitud de post dentro de task definitions para la ruta /TaskDefinitions. Cuándo se usa: se utiliza durante ventanas operativas controladas cuando se requiere aplicar cambios en task definitions (/TaskDefinitions). Perfil consumidor: equipos funcionales y técnicos responsables de task definitions. Permiso requerido: CanManageAch. Tipo de operación: POST. Naturaleza: modifica información. Genera auditoría: sí, explícita por cambio de estado o acción operativa. Códigos de respuesta deducibles: 200. Riesgo operativo: medio/alto; un cambio incorrecto puede afectar conciliación ACH, trazabilidad CENIT o integridad NACHA-M. Relación ACH/CENIT/NACHA-M: mantiene consistencia operativa del dominio task definitions dentro del circuito ACH/CENIT/NACHA-M. Precauciones para desarrollo u operación: aplicar segregación de funciones, bitácora de cambio y verificación de impacto antes de confirmar la acción en /TaskDefinitions.",no,no,no
DELETE,/TaskDefinitions/{id},Eliminación de task definitions: elimina recursos asociados a delete dentro de task definitions para la ruta /TaskDefinitions/{id},"Qué hace: elimina recursos asociados a delete dentro de task definitions para la ruta /TaskDefinitions/{id}. Cuándo se usa: se utiliza durante ventanas operativas controladas cuando se requiere aplicar cambios en task definitions (/TaskDefinitions/{id}). Perfil consumidor: equipos funcionales y técnicos responsables de task definitions. Permiso requerido: CanManageAch. Tipo de operación: DELETE. Naturaleza: modifica información. Genera auditoría: sí, explícita por cambio de estado o acción operativa. Códigos de respuesta deducibles: 200. Riesgo operativo: medio/alto; un cambio incorrecto puede afectar conciliación ACH, trazabilidad CENIT o integridad NACHA-M. Relación ACH/CENIT/NACHA-M: mantiene consistencia operativa del dominio task definitions dentro del circuito ACH/CENIT/NACHA-M. Precauciones para desarrollo u operación: aplicar segregación de funciones, bitácora de cambio y verificación de impacto antes de confirmar la acción en /TaskDefinitions/{id}.",no,no,no
GET,/TaskDefinitions/{id},Consulta de task definitions: consulta get dentro de task definitions para la ruta /TaskDefinitions/{id},"Qué hace: consulta get dentro de task definitions para la ruta /TaskDefinitions/{id}. Cuándo se usa: se utiliza en monitoreo operativo, conciliación y soporte cuando se requiere visibilidad puntual en task definitions (/TaskDefinitions/{id}). Perfil consumidor: equipos funcionales y técnicos responsables de task definitions. Permiso requerido: CanReadAch. Tipo de operación: GET. Naturaleza: solo consulta. Genera auditoría: sí, por trazas de acceso y correlación operativa. Códigos de respuesta deducibles: 200. Riesgo operativo: medio; consultas con filtros incorrectos pueden producir diagnósticos operativos erróneos. Relación ACH/CENIT/NACHA-M: mantiene consistencia operativa del dominio task definitions dentro del circuito ACH/CENIT/NACHA-M. Precauciones para desarrollo u operación: validar filtros, rangos de fecha y correlación de identificadores antes de usar resultados de /TaskDefinitions/{id} en decisiones operativas.",no,no,no
PUT,/TaskDefinitions/{id},Actualización de task definitions: actualiza información de put dentro de task definitions para la ruta /TaskDefinitions/{id},"Qué hace: actualiza información de put dentro de task definitions para la ruta /TaskDefinitions/{id}. Cuándo se usa: se utiliza durante ventanas operativas controladas cuando se requiere aplicar cambios en task definitions (/TaskDefinitions/{id}). Perfil consumidor: equipos funcionales y técnicos responsables de task definitions. Permiso requerido: CanManageAch. Tipo de operación: PUT. Naturaleza: modifica información. Genera auditoría: sí, explícita por cambio de estado o acción operativa. Códigos de respuesta deducibles: 200. Riesgo operativo: medio/alto; un cambio incorrecto puede afectar conciliación ACH, trazabilidad CENIT o integridad NACHA-M. Relación ACH/CENIT/NACHA-M: mantiene consistencia operativa del dominio task definitions dentro del circuito ACH/CENIT/NACHA-M. Precauciones para desarrollo u operación: aplicar segregación de funciones, bitácora de cambio y verificación de impacto antes de confirmar la acción en /TaskDefinitions/{id}.",no,no,no
GET,/Transactions,Consulta de transactions: consulta get all dentro de transactions para la ruta /Transactions,"Qué hace: consulta get all dentro de transactions para la ruta /Transactions. Cuándo se usa: se utiliza en monitoreo operativo, conciliación y soporte cuando se requiere visibilidad puntual en transactions (/Transactions). Perfil consumidor: equipos funcionales y técnicos responsables de transactions. Permiso requerido: requiere token válido (sin política explícita en atributo). Tipo de operación: GET. Naturaleza: solo consulta. Genera auditoría: sí, por trazas de acceso y correlación operativa. Códigos de respuesta deducibles: 200. Riesgo operativo: medio; consultas con filtros incorrectos pueden producir diagnósticos operativos erróneos. Relación ACH/CENIT/NACHA-M: mantiene consistencia operativa del dominio transactions dentro del circuito ACH/CENIT/NACHA-M. Precauciones para desarrollo u operación: validar filtros, rangos de fecha y correlación de identificadores antes de usar resultados de /Transactions en decisiones operativas.",no,no,no
POST,/Transactions,Registro de transactions: registra una solicitud de create transaction dentro de transactions para la ruta /Transactions,"Qué hace: registra una solicitud de create transaction dentro de transactions para la ruta /Transactions. Cuándo se usa: se utiliza durante ventanas operativas controladas cuando se requiere aplicar cambios en transactions (/Transactions). Perfil consumidor: equipos funcionales y técnicos responsables de transactions. Permiso requerido: requiere token válido (sin política explícita en atributo). Tipo de operación: POST. Naturaleza: modifica información. Genera auditoría: sí, explícita por cambio de estado o acción operativa. Códigos de respuesta deducibles: 201, 400, 500. Riesgo operativo: medio/alto; un cambio incorrecto puede afectar conciliación ACH, trazabilidad CENIT o integridad NACHA-M. Relación ACH/CENIT/NACHA-M: mantiene consistencia operativa del dominio transactions dentro del circuito ACH/CENIT/NACHA-M. Precauciones para desarrollo u operación: aplicar segregación de funciones, bitácora de cambio y verificación de impacto antes de confirmar la acción en /Transactions.",no,no,no
POST,/Transactions/bulk,Registro de transactions: registra una solicitud de create transactions bulk dentro de transactions para la ruta /Transactions/bulk,"Qué hace: registra una solicitud de create transactions bulk dentro de transactions para la ruta /Transactions/bulk. Cuándo se usa: se utiliza durante ventanas operativas controladas cuando se requiere aplicar cambios en transactions (/Transactions/bulk). Perfil consumidor: equipos funcionales y técnicos responsables de transactions. Permiso requerido: requiere token válido (sin política explícita en atributo). Tipo de operación: POST. Naturaleza: modifica información. Genera auditoría: sí, explícita por cambio de estado o acción operativa. Códigos de respuesta deducibles: 200, 400, 500. Riesgo operativo: medio/alto; un cambio incorrecto puede afectar conciliación ACH, trazabilidad CENIT o integridad NACHA-M. Relación ACH/CENIT/NACHA-M: mantiene consistencia operativa del dominio transactions dentro del circuito ACH/CENIT/NACHA-M. Precauciones para desarrollo u operación: aplicar segregación de funciones, bitácora de cambio y verificación de impacto antes de confirmar la acción en /Transactions/bulk.",no,no,no
POST,/Transactions/bulk/submit,Registro de transactions: registra una solicitud de submit bulk ingestion dentro de transactions para la ruta /Transactions/bulk/submit,"Qué hace: registra una solicitud de submit bulk ingestion dentro de transactions para la ruta /Transactions/bulk/submit. Cuándo se usa: se utiliza durante ventanas operativas controladas cuando se requiere aplicar cambios en transactions (/Transactions/bulk/submit). Perfil consumidor: equipos funcionales y técnicos responsables de transactions. Permiso requerido: requiere token válido (sin política explícita en atributo). Tipo de operación: POST. Naturaleza: modifica información. Genera auditoría: sí, explícita por cambio de estado o acción operativa. Códigos de respuesta deducibles: 200, 400, 500. Riesgo operativo: medio/alto; un cambio incorrecto puede afectar conciliación ACH, trazabilidad CENIT o integridad NACHA-M. Relación ACH/CENIT/NACHA-M: mantiene consistencia operativa del dominio transactions dentro del circuito ACH/CENIT/NACHA-M. Precauciones para desarrollo u operación: aplicar segregación de funciones, bitácora de cambio y verificación de impacto antes de confirmar la acción en /Transactions/bulk/submit.",no,no,no
GET,/Transactions/company-entry-descriptions,Consulta de transactions: consulta get company entry descriptions dentro de transactions para la ruta /Transactions/company-entry-descriptions,"Qué hace: consulta get company entry descriptions dentro de transactions para la ruta /Transactions/company-entry-descriptions. Cuándo se usa: se utiliza en monitoreo operativo, conciliación y soporte cuando se requiere visibilidad puntual en transactions (/Transactions/company-entry-descriptions). Perfil consumidor: equipos funcionales y técnicos responsables de transactions. Permiso requerido: requiere token válido (sin política explícita en atributo). Tipo de operación: GET. Naturaleza: solo consulta. Genera auditoría: sí, por trazas de acceso y correlación operativa. Códigos de respuesta deducibles: 200. Riesgo operativo: medio; consultas con filtros incorrectos pueden producir diagnósticos operativos erróneos. Relación ACH/CENIT/NACHA-M: mantiene consistencia operativa del dominio transactions dentro del circuito ACH/CENIT/NACHA-M. Precauciones para desarrollo u operación: validar filtros, rangos de fecha y correlación de identificadores antes de usar resultados de /Transactions/company-entry-descriptions en decisiones operativas.",no,no,no
GET,/Transactions/policies/preview,Consulta de transactions: consulta preview policy dentro de transactions para la ruta /Transactions/policies/preview,"Qué hace: consulta preview policy dentro de transactions para la ruta /Transactions/policies/preview. Cuándo se usa: se utiliza en monitoreo operativo, conciliación y soporte cuando se requiere visibilidad puntual en transactions (/Transactions/policies/preview). Perfil consumidor: equipos funcionales y técnicos responsables de transactions. Permiso requerido: requiere token válido (sin política explícita en atributo). Tipo de operación: GET. Naturaleza: solo consulta. Genera auditoría: sí, por trazas de acceso y correlación operativa. Códigos de respuesta deducibles: 200. Riesgo operativo: medio; consultas con filtros incorrectos pueden producir diagnósticos operativos erróneos. Relación ACH/CENIT/NACHA-M: mantiene consistencia operativa del dominio transactions dentro del circuito ACH/CENIT/NACHA-M. Precauciones para desarrollo u operación: validar filtros, rangos de fecha y correlación de identificadores antes de usar resultados de /Transactions/policies/preview en decisiones operativas.",no,no,no
GET,/Transactions/{id},Consulta de transactions: consulta get by id dentro de transactions para la ruta /Transactions/{id},"Qué hace: consulta get by id dentro de transactions para la ruta /Transactions/{id}. Cuándo se usa: se utiliza en monitoreo operativo, conciliación y soporte cuando se requiere visibilidad puntual en transactions (/Transactions/{id}). Perfil consumidor: equipos funcionales y técnicos responsables de transactions. Permiso requerido: requiere token válido (sin política explícita en atributo). Tipo de operación: GET. Naturaleza: solo consulta. Genera auditoría: sí, por trazas de acceso y correlación operativa. Códigos de respuesta deducibles: 200, 404. Riesgo operativo: medio; consultas con filtros incorrectos pueden producir diagnósticos operativos erróneos. Relación ACH/CENIT/NACHA-M: mantiene consistencia operativa del dominio transactions dentro del circuito ACH/CENIT/NACHA-M. Precauciones para desarrollo u operación: validar filtros, rangos de fecha y correlación de identificadores antes de usar resultados de /Transactions/{id} en decisiones operativas.",no,no,no
GET,/ach-cycles,Consulta de ciclos y lotes ACH: consulta get dentro de ciclos y lotes ACH para la ruta /ach-cycles,"Qué hace: consulta get dentro de ciclos y lotes ACH para la ruta /ach-cycles. Cuándo se usa: se utiliza en monitoreo operativo, conciliación y soporte cuando se requiere visibilidad puntual en ciclos y lotes ACH (/ach-cycles). Perfil consumidor: equipos funcionales y técnicos responsables de ciclos y lotes ACH. Permiso requerido: CanReadAch. Tipo de operación: GET. Naturaleza: solo consulta. Genera auditoría: sí, por trazas de acceso y correlación operativa. Códigos de respuesta deducibles: 200. Riesgo operativo: medio; consultas con filtros incorrectos pueden producir diagnósticos operativos erróneos. Relación ACH/CENIT/NACHA-M: impacta la preparación y cierre de ciclos ACH con efectos en conciliación CENIT. Precauciones para desarrollo u operación: validar filtros, rangos de fecha y correlación de identificadores antes de usar resultados de /ach-cycles en decisiones operativas.",no,no,no
POST,/ach-cycles,Registro de ciclos y lotes ACH: registra una solicitud de create dentro de ciclos y lotes ACH para la ruta /ach-cycles,"Qué hace: registra una solicitud de create dentro de ciclos y lotes ACH para la ruta /ach-cycles. Cuándo se usa: se utiliza durante ventanas operativas controladas cuando se requiere aplicar cambios en ciclos y lotes ACH (/ach-cycles). Perfil consumidor: equipos funcionales y técnicos responsables de ciclos y lotes ACH. Permiso requerido: CanManageAch. Tipo de operación: POST. Naturaleza: modifica información. Genera auditoría: sí, explícita por cambio de estado o acción operativa. Códigos de respuesta deducibles: 200. Riesgo operativo: medio/alto; un cambio incorrecto puede afectar conciliación ACH, trazabilidad CENIT o integridad NACHA-M. Relación ACH/CENIT/NACHA-M: impacta la preparación y cierre de ciclos ACH con efectos en conciliación CENIT. Precauciones para desarrollo u operación: aplicar segregación de funciones, bitácora de cambio y verificación de impacto antes de confirmar la acción en /ach-cycles.",no,no,no
GET,/ach-cycles/exportable,Consulta de ciclos y lotes ACH: consulta get exportable dentro de ciclos y lotes ACH para la ruta /ach-cycles/exportable,"Qué hace: consulta get exportable dentro de ciclos y lotes ACH para la ruta /ach-cycles/exportable. Cuándo se usa: se utiliza en monitoreo operativo, conciliación y soporte cuando se requiere visibilidad puntual en ciclos y lotes ACH (/ach-cycles/exportable). Perfil consumidor: equipos funcionales y técnicos responsables de ciclos y lotes ACH. Permiso requerido: CanReadAch. Tipo de operación: GET. Naturaleza: solo consulta. Genera auditoría: sí, por trazas de acceso y correlación operativa. Códigos de respuesta deducibles: 200. Riesgo operativo: medio; consultas con filtros incorrectos pueden producir diagnósticos operativos erróneos. Relación ACH/CENIT/NACHA-M: impacta la preparación y cierre de ciclos ACH con efectos en conciliación CENIT. Precauciones para desarrollo u operación: validar filtros, rangos de fecha y correlación de identificadores antes de usar resultados de /ach-cycles/exportable en decisiones operativas.",no,no,no
DELETE,/ach-cycles/{id},Eliminación de ciclos y lotes ACH: elimina recursos asociados a delete dentro de ciclos y lotes ACH para la ruta /ach-cycles/{id},"Qué hace: elimina recursos asociados a delete dentro de ciclos y lotes ACH para la ruta /ach-cycles/{id}. Cuándo se usa: se utiliza durante ventanas operativas controladas cuando se requiere aplicar cambios en ciclos y lotes ACH (/ach-cycles/{id}). Perfil consumidor: equipos funcionales y técnicos responsables de ciclos y lotes ACH. Permiso requerido: CanManageAch. Tipo de operación: DELETE. Naturaleza: modifica información. Genera auditoría: sí, explícita por cambio de estado o acción operativa. Códigos de respuesta deducibles: 200. Riesgo operativo: medio/alto; un cambio incorrecto puede afectar conciliación ACH, trazabilidad CENIT o integridad NACHA-M. Relación ACH/CENIT/NACHA-M: impacta la preparación y cierre de ciclos ACH con efectos en conciliación CENIT. Precauciones para desarrollo u operación: aplicar segregación de funciones, bitácora de cambio y verificación de impacto antes de confirmar la acción en /ach-cycles/{id}.",no,no,no
GET,/ach-cycles/{id},Consulta de ciclos y lotes ACH: consulta get by id dentro de ciclos y lotes ACH para la ruta /ach-cycles/{id},"Qué hace: consulta get by id dentro de ciclos y lotes ACH para la ruta /ach-cycles/{id}. Cuándo se usa: se utiliza en monitoreo operativo, conciliación y soporte cuando se requiere visibilidad puntual en ciclos y lotes ACH (/ach-cycles/{id}). Perfil consumidor: equipos funcionales y técnicos responsables de ciclos y lotes ACH. Permiso requerido: CanReadAch. Tipo de operación: GET. Naturaleza: solo consulta. Genera auditoría: sí, por trazas de acceso y correlación operativa. Códigos de respuesta deducibles: 200. Riesgo operativo: medio; consultas con filtros incorrectos pueden producir diagnósticos operativos erróneos. Relación ACH/CENIT/NACHA-M: impacta la preparación y cierre de ciclos ACH con efectos en conciliación CENIT. Precauciones para desarrollo u operación: validar filtros, rangos de fecha y correlación de identificadores antes de usar resultados de /ach-cycles/{id} en decisiones operativas.",no,no,no
PUT,/ach-cycles/{id},Actualización de ciclos y lotes ACH: actualiza información de update dentro de ciclos y lotes ACH para la ruta /ach-cycles/{id},"Qué hace: actualiza información de update dentro de ciclos y lotes ACH para la ruta /ach-cycles/{id}. Cuándo se usa: se utiliza durante ventanas operativas controladas cuando se requiere aplicar cambios en ciclos y lotes ACH (/ach-cycles/{id}). Perfil consumidor: equipos funcionales y técnicos responsables de ciclos y lotes ACH. Permiso requerido: CanManageAch. Tipo de operación: PUT. Naturaleza: modifica información. Genera auditoría: sí, explícita por cambio de estado o acción operativa. Códigos de respuesta deducibles: 200. Riesgo operativo: medio/alto; un cambio incorrecto puede afectar conciliación ACH, trazabilidad CENIT o integridad NACHA-M. Relación ACH/CENIT/NACHA-M: impacta la preparación y cierre de ciclos ACH con efectos en conciliación CENIT. Precauciones para desarrollo u operación: aplicar segregación de funciones, bitácora de cambio y verificación de impacto antes de confirmar la acción en /ach-cycles/{id}.",no,no,no
GET,/ach-returns/cycles/{cycleId}/transactions,Transacciones elegibles para devoluciones por ciclo,Qué hace: lista transacciones del ciclo que cumplen criterios para devolución ACH. Cuándo se usa: al preparar archivo de devoluciones. Perfil consumidor: operación ACH de devoluciones. Permiso requerido: sin policy explícita en el método; sujeto a controles de despliegue. Tipo de operación: solo consulta. Genera auditoría: no directa. Riesgos operativos: seleccionar ciclo errado genera devoluciones inválidas. Errores esperados: 400 parámetros inválidos; 404 ciclo inexistente. Relación ACH/CENIT/NACHA-M: gestiona devoluciones bajo reglas ACH/CENIT. Precauciones para desarrollo u operación: validar ciclo y causal antes de generar archivo.,no,no,no
POST,/ach-returns/generate-file,Generación de archivo de devoluciones,"Qué hace: construye y retorna el archivo de devoluciones con contenido descargable. Cuándo se usa: cuando ya se aprobaron causales y transacciones. Perfil consumidor: operación ACH. Permiso requerido: sin policy explícita en el método; revisar seguridad del entorno. Tipo de operación: modifica información. Genera auditoría: sí, por rastro de generación/descarga. Riesgos operativos: una solicitud mal parametrizada puede emitir archivo incorrecto. Errores esperados: 400 validación de solicitud; 409 por estado no permitido. Relación ACH/CENIT/NACHA-M: materializa devolución ACH conforme a operación CENIT. Precauciones para desarrollo u operación: aplicar doble validación operativa antes de distribuir el archivo.",no,no,no
GET,/api/Permissions,Consulta de permissions: consulta get permissions dentro de permissions para la ruta /api/Permissions,"Qué hace: consulta get permissions dentro de permissions para la ruta /api/Permissions. Cuándo se usa: se utiliza en monitoreo operativo, conciliación y soporte cuando se requiere visibilidad puntual en permissions (/api/Permissions). Perfil consumidor: equipos funcionales y técnicos responsables de permissions. Permiso requerido: requiere token válido con autorización. Tipo de operación: GET. Naturaleza: solo consulta. Genera auditoría: sí, por trazas de acceso y correlación operativa. Códigos de respuesta deducibles: 200. Riesgo operativo: medio; consultas con filtros incorrectos pueden producir diagnósticos operativos erróneos. Relación ACH/CENIT/NACHA-M: mantiene consistencia operativa del dominio permissions dentro del circuito ACH/CENIT/NACHA-M. Precauciones para desarrollo u operación: validar filtros, rangos de fecha y correlación de identificadores antes de usar resultados de /api/Permissions en decisiones operativas.",no,no,no
GET,/api/Roles,Consulta de roles: consulta get roles dentro de roles para la ruta /api/Roles,"Qué hace: consulta get roles dentro de roles para la ruta /api/Roles. Cuándo se usa: se utiliza en monitoreo operativo, conciliación y soporte cuando se requiere visibilidad puntual en roles (/api/Roles). Perfil consumidor: equipos funcionales y técnicos responsables de roles. Permiso requerido: requiere token válido con autorización. Tipo de operación: GET. Naturaleza: solo consulta. Genera auditoría: sí, por trazas de acceso y correlación operativa. Códigos de respuesta deducibles: 200. Riesgo operativo: medio; consultas con filtros incorrectos pueden producir diagnósticos operativos erróneos. Relación ACH/CENIT/NACHA-M: mantiene consistencia operativa del dominio roles dentro del circuito ACH/CENIT/NACHA-M. Precauciones para desarrollo u operación: validar filtros, rangos de fecha y correlación de identificadores antes de usar resultados de /api/Roles en decisiones operativas.",no,no,no
GET,/api/Users,Consulta de users: consulta get users dentro de users para la ruta /api/Users,"Qué hace: consulta get users dentro de users para la ruta /api/Users. Cuándo se usa: se utiliza en monitoreo operativo, conciliación y soporte cuando se requiere visibilidad puntual en users (/api/Users). Perfil consumidor: equipos funcionales y técnicos responsables de users. Permiso requerido: requiere token válido con autorización. Tipo de operación: GET. Naturaleza: solo consulta. Genera auditoría: sí, por trazas de acceso y correlación operativa. Códigos de respuesta deducibles: 200. Riesgo operativo: medio; consultas con filtros incorrectos pueden producir diagnósticos operativos erróneos. Relación ACH/CENIT/NACHA-M: mantiene consistencia operativa del dominio users dentro del circuito ACH/CENIT/NACHA-M. Precauciones para desarrollo u operación: validar filtros, rangos de fecha y correlación de identificadores antes de usar resultados de /api/Users en decisiones operativas.",no,no,no
POST,/api/Users,Registro de users: registra una solicitud de create user dentro de users para la ruta /api/Users,"Qué hace: registra una solicitud de create user dentro de users para la ruta /api/Users. Cuándo se usa: se utiliza durante ventanas operativas controladas cuando se requiere aplicar cambios en users (/api/Users). Perfil consumidor: equipos funcionales y técnicos responsables de users. Permiso requerido: requiere token válido con autorización. Tipo de operación: POST. Naturaleza: modifica información. Genera auditoría: sí, explícita por cambio de estado o acción operativa. Códigos de respuesta deducibles: 200. Riesgo operativo: medio/alto; un cambio incorrecto puede afectar conciliación ACH, trazabilidad CENIT o integridad NACHA-M. Relación ACH/CENIT/NACHA-M: mantiene consistencia operativa del dominio users dentro del circuito ACH/CENIT/NACHA-M. Precauciones para desarrollo u operación: aplicar segregación de funciones, bitácora de cambio y verificación de impacto antes de confirmar la acción en /api/Users.",no,no,no
GET,/api/Users/validate-email-domain,Consulta de users: consulta validate email domain dentro de users para la ruta /api/Users/validate-email-domain,"Qué hace: consulta validate email domain dentro de users para la ruta /api/Users/validate-email-domain. Cuándo se usa: se utiliza en monitoreo operativo, conciliación y soporte cuando se requiere visibilidad puntual en users (/api/Users/validate-email-domain). Perfil consumidor: equipos funcionales y técnicos responsables de users. Permiso requerido: requiere token válido con autorización. Tipo de operación: GET. Naturaleza: solo consulta. Genera auditoría: sí, por trazas de acceso y correlación operativa. Códigos de respuesta deducibles: 200. Riesgo operativo: medio; consultas con filtros incorrectos pueden producir diagnósticos operativos erróneos. Relación ACH/CENIT/NACHA-M: mantiene consistencia operativa del dominio users dentro del circuito ACH/CENIT/NACHA-M. Precauciones para desarrollo u operación: validar filtros, rangos de fecha y correlación de identificadores antes de usar resultados de /api/Users/validate-email-domain en decisiones operativas.",no,no,no
DELETE,/api/Users/{id},Eliminación de users: elimina recursos asociados a deactivate user dentro de users para la ruta /api/Users/{id},"Qué hace: elimina recursos asociados a deactivate user dentro de users para la ruta /api/Users/{id}. Cuándo se usa: se utiliza durante ventanas operativas controladas cuando se requiere aplicar cambios en users (/api/Users/{id}). Perfil consumidor: equipos funcionales y técnicos responsables de users. Permiso requerido: requiere token válido con autorización. Tipo de operación: DELETE. Naturaleza: modifica información. Genera auditoría: sí, explícita por cambio de estado o acción operativa. Códigos de respuesta deducibles: 200. Riesgo operativo: medio/alto; un cambio incorrecto puede afectar conciliación ACH, trazabilidad CENIT o integridad NACHA-M. Relación ACH/CENIT/NACHA-M: mantiene consistencia operativa del dominio users dentro del circuito ACH/CENIT/NACHA-M. Precauciones para desarrollo u operación: aplicar segregación de funciones, bitácora de cambio y verificación de impacto antes de confirmar la acción en /api/Users/{id}.",no,no,no
GET,/api/Users/{id},Consulta de users: consulta get user dentro de users para la ruta /api/Users/{id},"Qué hace: consulta get user dentro de users para la ruta /api/Users/{id}. Cuándo se usa: se utiliza en monitoreo operativo, conciliación y soporte cuando se requiere visibilidad puntual en users (/api/Users/{id}). Perfil consumidor: equipos funcionales y técnicos responsables de users. Permiso requerido: requiere token válido con autorización. Tipo de operación: GET. Naturaleza: solo consulta. Genera auditoría: sí, por trazas de acceso y correlación operativa. Códigos de respuesta deducibles: 200. Riesgo operativo: medio; consultas con filtros incorrectos pueden producir diagnósticos operativos erróneos. Relación ACH/CENIT/NACHA-M: mantiene consistencia operativa del dominio users dentro del circuito ACH/CENIT/NACHA-M. Precauciones para desarrollo u operación: validar filtros, rangos de fecha y correlación de identificadores antes de usar resultados de /api/Users/{id} en decisiones operativas.",no,no,no
PUT,/api/Users/{id},Actualización de users: actualiza información de update user dentro de users para la ruta /api/Users/{id},"Qué hace: actualiza información de update user dentro de users para la ruta /api/Users/{id}. Cuándo se usa: se utiliza durante ventanas operativas controladas cuando se requiere aplicar cambios en users (/api/Users/{id}). Perfil consumidor: equipos funcionales y técnicos responsables de users. Permiso requerido: requiere token válido con autorización. Tipo de operación: PUT. Naturaleza: modifica información. Genera auditoría: sí, explícita por cambio de estado o acción operativa. Códigos de respuesta deducibles: 200. Riesgo operativo: medio/alto; un cambio incorrecto puede afectar conciliación ACH, trazabilidad CENIT o integridad NACHA-M. Relación ACH/CENIT/NACHA-M: mantiene consistencia operativa del dominio users dentro del circuito ACH/CENIT/NACHA-M. Precauciones para desarrollo u operación: aplicar segregación de funciones, bitácora de cambio y verificación de impacto antes de confirmar la acción en /api/Users/{id}.",no,no,no
POST,/api/Users/{id}/roles,Registro de users: registra una solicitud de assign roles dentro de users para la ruta /api/Users/{id}/roles,"Qué hace: registra una solicitud de assign roles dentro de users para la ruta /api/Users/{id}/roles. Cuándo se usa: se utiliza durante ventanas operativas controladas cuando se requiere aplicar cambios en users (/api/Users/{id}/roles). Perfil consumidor: equipos funcionales y técnicos responsables de users. Permiso requerido: requiere token válido con autorización. Tipo de operación: POST. Naturaleza: modifica información. Genera auditoría: sí, explícita por cambio de estado o acción operativa. Códigos de respuesta deducibles: 200. Riesgo operativo: medio/alto; un cambio incorrecto puede afectar conciliación ACH, trazabilidad CENIT o integridad NACHA-M. Relación ACH/CENIT/NACHA-M: mantiene consistencia operativa del dominio users dentro del circuito ACH/CENIT/NACHA-M. Precauciones para desarrollo u operación: aplicar segregación de funciones, bitácora de cambio y verificación de impacto antes de confirmar la acción en /api/Users/{id}/roles.",no,no,no
GET,/api/ach-traceability/report,Reporte de trazabilidad por rango,"Qué hace: genera consulta consolidada de trazabilidad por fechas, estado y ciclo. Cuándo se usa: en cierres operativos y seguimiento de incidentes. Perfil consumidor: operación ACH y control interno. Permiso requerido: sin policy explícita en el método. Tipo de operación: solo consulta. Genera auditoría: sí, por trazas. Riesgos operativos: rangos amplios pueden afectar tiempos de respuesta. Errores esperados: 400 parámetros inválidos. Relación ACH/CENIT/NACHA-M: visibilidad transversal del flujo ACH/NACHA-M. Precauciones para desarrollo u operación: usar filtros acotados para análisis eficiente.",no,no,no
POST,/api/ach-traceability/sol02/{transactionId}/certify,Aplicar certificación SOL02 a transacción,Qué hace: cambia estado de una transacción registrando certificación SOL02. Cuándo se usa: en procesos de trazabilidad y cumplimiento con evidencia externa. Perfil consumidor: operación ACH y analistas de trazabilidad. Permiso requerido: sin policy explícita en el método; aplicar control de acceso por entorno. Tipo de operación: modifica información. Genera auditoría: sí. Riesgos operativos: certificar transacción incorrecta altera historial regulatorio. Errores esperados: 404 transacción no encontrada; 400 transición inválida. Relación ACH/CENIT/NACHA-M: integra trazabilidad operativa ACH con evidencia SOL02. Precauciones para desarrollo u operación: confirmar referencia y notas antes de certificar.,no,no,no
GET,/api/ach-traceability/transactions/{transactionId},Consulta trazabilidad de una transacción,"Qué hace: devuelve línea de tiempo y estado de la transacción ACH. Cuándo se usa: en auditorías, reclamos y soporte operativo. Perfil consumidor: auditoría y operación ACH. Permiso requerido: sin policy explícita en el método. Tipo de operación: solo consulta. Genera auditoría: sí, por trazas. Riesgos operativos: diagnóstico incompleto si se consulta id equivocado. Errores esperados: 404 transacción inexistente; 401/403 según entorno. Relación ACH/CENIT/NACHA-M: expone trayectoria de la transacción en ACH/CENIT. Precauciones para desarrollo u operación: correlacionar con reportes de ciclo y devoluciones.",no,no,no
GET,/api/audit-logs,Consulta de audit logs: consulta get audit logs dentro de audit logs para la ruta /api/audit-logs,"Qué hace: consulta get audit logs dentro de audit logs para la ruta /api/audit-logs. Cuándo se usa: se utiliza en monitoreo operativo, conciliación y soporte cuando se requiere visibilidad puntual en audit logs (/api/audit-logs). Perfil consumidor: equipos funcionales y técnicos responsables de audit logs. Permiso requerido: requiere token válido con autorización. Tipo de operación: GET. Naturaleza: solo consulta. Genera auditoría: sí, por trazas de acceso y correlación operativa. Códigos de respuesta deducibles: 200. Riesgo operativo: medio; consultas con filtros incorrectos pueden producir diagnósticos operativos erróneos. Relación ACH/CENIT/NACHA-M: mantiene consistencia operativa del dominio audit logs dentro del circuito ACH/CENIT/NACHA-M. Precauciones para desarrollo u operación: validar filtros, rangos de fecha y correlación de identificadores antes de usar resultados de /api/audit-logs en decisiones operativas.",no,no,no
GET,/api/auth-logs,Consulta de seguridad bancaria: consulta get auth logs dentro de seguridad bancaria para la ruta /api/auth-logs,"Qué hace: consulta get auth logs dentro de seguridad bancaria para la ruta /api/auth-logs. Cuándo se usa: se utiliza en monitoreo operativo, conciliación y soporte cuando se requiere visibilidad puntual en seguridad bancaria (/api/auth-logs). Perfil consumidor: seguridad bancaria, administradores de plataforma y auditoría técnica. Permiso requerido: requiere token válido con autorización. Tipo de operación: GET. Naturaleza: solo consulta. Genera auditoría: sí, por trazas de acceso y correlación operativa. Códigos de respuesta deducibles: 200. Riesgo operativo: alto; requiere segregación de funciones, revisión de autorizaciones y manejo seguro de evidencia. Relación ACH/CENIT/NACHA-M: mantiene consistencia operativa del dominio seguridad bancaria dentro del circuito ACH/CENIT/NACHA-M. Precauciones para desarrollo u operación: validar filtros, rangos de fecha y correlación de identificadores antes de usar resultados de /api/auth-logs en decisiones operativas.",no,no,no
GET,/api/cenit/net-positions,Posiciones netas de liquidez por ejecución,"Qué hace: muestra débitos, créditos y liquidez por entidad financiera en una ejecución CENIT. Cuándo se usa: en conciliación de liquidez y priorización operativa. Perfil consumidor: tesorería operativa y operación ACH. Permiso requerido: CanReadAch. Tipo de operación: solo consulta. Genera auditoría: sí, por consulta y trazas. Riesgos operativos: lectura fuera de ejecución correcta puede llevar a decisiones de liquidez erradas. Errores esperados: 401/403; resultados vacíos cuando no hay ejecución. Relación ACH/CENIT/NACHA-M: conecta neteo CENIT con operación ACH. Precauciones para desarrollo u operación: confirmar cenitCycleExecutionId antes de decisiones.",no,no,no
GET,/api/cenit/optimization-decisions,Decisiones de optimización de liquidez,"Qué hace: lista decisiones de optimización aplicadas sobre transacciones. Cuándo se usa: en análisis de por qué una transacción fue priorizada o movida de ciclo. Perfil consumidor: operación CENIT, riesgo y auditoría. Permiso requerido: CanReadAch. Tipo de operación: solo consulta. Genera auditoría: sí. Riesgos operativos: interpretar decisiones fuera de contexto puede afectar post-mortem. Errores esperados: 400 por filtros inválidos; 401/403. Relación ACH/CENIT/NACHA-M: explica lógica operativa de neteo y enrutamiento ACH/CENIT. Precauciones para desarrollo u operación: correlacionar con estado de transacción y ciclo origen/destino.",no,no,no
GET,/api/cenit/queues,Cola de ejecución de ciclos CENIT,"Qué hace: consulta elementos en cola de ciclo CENIT con estado y contexto transaccional. Cuándo se usa: en monitoreo de encolamiento y despacho. Perfil consumidor: operación CENIT y soporte ACH. Permiso requerido: CanReadAch. Tipo de operación: solo consulta. Genera auditoría: sí, por bitácoras y eventos de ejecución. Riesgos operativos: paginación/filtros inadecuados pueden ocultar cuellos de botella. Errores esperados: 400 por parámetros; 401/403. Relación ACH/CENIT/NACHA-M: observa interacción entre transacciones ACH y ciclo CENIT. Precauciones para desarrollo u operación: usar page/pageSize dentro de límites operativos.",no,no,no
GET,/api/cenit/traceability,Trazabilidad CENIT de transacciones,Qué hace: entrega vista trazable con causales de devolución/rechazo y estado. Cuándo se usa: en conciliación operativa y gestión de excepciones. Perfil consumidor: operación ACH/CENIT y auditoría. Permiso requerido: CanReadAch. Tipo de operación: solo consulta. Genera auditoría: sí. Riesgos operativos: códigos normalizados incorrectamente pueden sesgar análisis. Errores esperados: 400 filtros inválidos; 401/403. Relación ACH/CENIT/NACHA-M: une catálogo regulatorio con ejecución transaccional ACH/CENIT. Precauciones para desarrollo u operación: validar estado y ciclo antes de emitir conclusiones.,no,no,no
GET,/api/customer-third-parties,Consulta de customer third parties: consulta get dentro de customer third parties para la ruta /api/customer-third-parties,"Qué hace: consulta get dentro de customer third parties para la ruta /api/customer-third-parties. Cuándo se usa: se utiliza en monitoreo operativo, conciliación y soporte cuando se requiere visibilidad puntual en customer third parties (/api/customer-third-parties). Perfil consumidor: equipos funcionales y técnicos responsables de customer third parties. Permiso requerido: CanReadAch. Tipo de operación: GET. Naturaleza: solo consulta. Genera auditoría: sí, por trazas de acceso y correlación operativa. Códigos de respuesta deducibles: 200. Riesgo operativo: medio; consultas con filtros incorrectos pueden producir diagnósticos operativos erróneos. Relación ACH/CENIT/NACHA-M: mantiene consistencia operativa del dominio customer third parties dentro del circuito ACH/CENIT/NACHA-M. Precauciones para desarrollo u operación: validar filtros, rangos de fecha y correlación de identificadores antes de usar resultados de /api/customer-third-parties en decisiones operativas.",no,no,no
PATCH,/api/customer-third-parties/{id}/status,Ajuste de customer third parties: aplica ajuste parcial de update status dentro de customer third parties para la ruta /api/customer-third-parties/{id}/status,"Qué hace: aplica ajuste parcial de update status dentro de customer third parties para la ruta /api/customer-third-parties/{id}/status. Cuándo se usa: se utiliza durante ventanas operativas controladas cuando se requiere aplicar cambios en customer third parties (/api/customer-third-parties/{id}/status). Perfil consumidor: equipos funcionales y técnicos responsables de customer third parties. Permiso requerido: CanManageAch. Tipo de operación: PATCH. Naturaleza: modifica información. Genera auditoría: sí, explícita por cambio de estado o acción operativa. Códigos de respuesta deducibles: 200. Riesgo operativo: medio/alto; un cambio incorrecto puede afectar conciliación ACH, trazabilidad CENIT o integridad NACHA-M. Relación ACH/CENIT/NACHA-M: mantiene consistencia operativa del dominio customer third parties dentro del circuito ACH/CENIT/NACHA-M. Precauciones para desarrollo u operación: aplicar segregación de funciones, bitácora de cambio y verificación de impacto antes de confirmar la acción en /api/customer-third-parties/{id}/status.",no,no,no
GET,/api/integrations/mappingsets,Consulta de integration mapping sets: consulta get dentro de integration mapping sets para la ruta /api/integrations/mappingsets,"Qué hace: consulta get dentro de integration mapping sets para la ruta /api/integrations/mappingsets. Cuándo se usa: se utiliza en monitoreo operativo, conciliación y soporte cuando se requiere visibilidad puntual en integration mapping sets (/api/integrations/mappingsets). Perfil consumidor: equipos funcionales y técnicos responsables de integration mapping sets. Permiso requerido: CanManageAch. Tipo de operación: GET. Naturaleza: solo consulta. Genera auditoría: sí, por trazas de acceso y correlación operativa. Códigos de respuesta deducibles: 200. Riesgo operativo: medio; consultas con filtros incorrectos pueden producir diagnósticos operativos erróneos. Relación ACH/CENIT/NACHA-M: mantiene consistencia operativa del dominio integration mapping sets dentro del circuito ACH/CENIT/NACHA-M. Precauciones para desarrollo u operación: validar filtros, rangos de fecha y correlación de identificadores antes de usar resultados de /api/integrations/mappingsets en decisiones operativas.",no,no,no
POST,/api/integrations/mappingsets,Registro de integration mapping sets: registra una solicitud de create dentro de integration mapping sets para la ruta /api/integrations/mappingsets,"Qué hace: registra una solicitud de create dentro de integration mapping sets para la ruta /api/integrations/mappingsets. Cuándo se usa: se utiliza durante ventanas operativas controladas cuando se requiere aplicar cambios en integration mapping sets (/api/integrations/mappingsets). Perfil consumidor: equipos funcionales y técnicos responsables de integration mapping sets. Permiso requerido: CanManageAch. Tipo de operación: POST. Naturaleza: modifica información. Genera auditoría: sí, explícita por cambio de estado o acción operativa. Códigos de respuesta deducibles: 200. Riesgo operativo: medio/alto; un cambio incorrecto puede afectar conciliación ACH, trazabilidad CENIT o integridad NACHA-M. Relación ACH/CENIT/NACHA-M: mantiene consistencia operativa del dominio integration mapping sets dentro del circuito ACH/CENIT/NACHA-M. Precauciones para desarrollo u operación: aplicar segregación de funciones, bitácora de cambio y verificación de impacto antes de confirmar la acción en /api/integrations/mappingsets.",no,no,no
POST,/api/integrations/mappingsets/compare,Registro de integration mapping sets: registra una solicitud de compare dentro de integration mapping sets para la ruta /api/integrations/mappingsets/compare,"Qué hace: registra una solicitud de compare dentro de integration mapping sets para la ruta /api/integrations/mappingsets/compare. Cuándo se usa: se utiliza durante ventanas operativas controladas cuando se requiere aplicar cambios en integration mapping sets (/api/integrations/mappingsets/compare). Perfil consumidor: equipos funcionales y técnicos responsables de integration mapping sets. Permiso requerido: CanManageAch. Tipo de operación: POST. Naturaleza: modifica información. Genera auditoría: sí, explícita por cambio de estado o acción operativa. Códigos de respuesta deducibles: 200. Riesgo operativo: medio/alto; un cambio incorrecto puede afectar conciliación ACH, trazabilidad CENIT o integridad NACHA-M. Relación ACH/CENIT/NACHA-M: mantiene consistencia operativa del dominio integration mapping sets dentro del circuito ACH/CENIT/NACHA-M. Precauciones para desarrollo u operación: aplicar segregación de funciones, bitácora de cambio y verificación de impacto antes de confirmar la acción en /api/integrations/mappingsets/compare.",no,no,no
GET,/api/integrations/mappingsets/published,Consulta de integration mapping sets: consulta get published dentro de integration mapping sets para la ruta /api/integrations/mappingsets/published,"Qué hace: consulta get published dentro de integration mapping sets para la ruta /api/integrations/mappingsets/published. Cuándo se usa: se utiliza en monitoreo operativo, conciliación y soporte cuando se requiere visibilidad puntual en integration mapping sets (/api/integrations/mappingsets/published). Perfil consumidor: equipos funcionales y técnicos responsables de integration mapping sets. Permiso requerido: CanManageAch. Tipo de operación: GET. Naturaleza: solo consulta. Genera auditoría: sí, por trazas de acceso y correlación operativa. Códigos de respuesta deducibles: 200. Riesgo operativo: medio; consultas con filtros incorrectos pueden producir diagnósticos operativos erróneos. Relación ACH/CENIT/NACHA-M: mantiene consistencia operativa del dominio integration mapping sets dentro del circuito ACH/CENIT/NACHA-M. Precauciones para desarrollo u operación: validar filtros, rangos de fecha y correlación de identificadores antes de usar resultados de /api/integrations/mappingsets/published en decisiones operativas.",no,no,no
GET,/api/integrations/mappingsets/{id},Consulta de integration mapping sets: consulta get by id dentro de integration mapping sets para la ruta /api/integrations/mappingsets/{id},"Qué hace: consulta get by id dentro de integration mapping sets para la ruta /api/integrations/mappingsets/{id}. Cuándo se usa: se utiliza en monitoreo operativo, conciliación y soporte cuando se requiere visibilidad puntual en integration mapping sets (/api/integrations/mappingsets/{id}). Perfil consumidor: equipos funcionales y técnicos responsables de integration mapping sets. Permiso requerido: CanManageAch. Tipo de operación: GET. Naturaleza: solo consulta. Genera auditoría: sí, por trazas de acceso y correlación operativa. Códigos de respuesta deducibles: 200. Riesgo operativo: medio; consultas con filtros incorrectos pueden producir diagnósticos operativos erróneos. Relación ACH/CENIT/NACHA-M: mantiene consistencia operativa del dominio integration mapping sets dentro del circuito ACH/CENIT/NACHA-M. Precauciones para desarrollo u operación: validar filtros, rangos de fecha y correlación de identificadores antes de usar resultados de /api/integrations/mappingsets/{id} en decisiones operativas.",no,no,no
PUT,/api/integrations/mappingsets/{id},Actualización de integration mapping sets: actualiza información de update dentro de integration mapping sets para la ruta /api/integrations/mappingsets/{id},"Qué hace: actualiza información de update dentro de integration mapping sets para la ruta /api/integrations/mappingsets/{id}. Cuándo se usa: se utiliza durante ventanas operativas controladas cuando se requiere aplicar cambios en integration mapping sets (/api/integrations/mappingsets/{id}). Perfil consumidor: equipos funcionales y técnicos responsables de integration mapping sets. Permiso requerido: CanManageAch. Tipo de operación: PUT. Naturaleza: modifica información. Genera auditoría: sí, explícita por cambio de estado o acción operativa. Códigos de respuesta deducibles: 200. Riesgo operativo: medio/alto; un cambio incorrecto puede afectar conciliación ACH, trazabilidad CENIT o integridad NACHA-M. Relación ACH/CENIT/NACHA-M: mantiene consistencia operativa del dominio integration mapping sets dentro del circuito ACH/CENIT/NACHA-M. Precauciones para desarrollo u operación: aplicar segregación de funciones, bitácora de cambio y verificación de impacto antes de confirmar la acción en /api/integrations/mappingsets/{id}.",no,no,no
POST,/api/integrations/mappingsets/{id}/clone,Registro de integration mapping sets: registra una solicitud de clone dentro de integration mapping sets para la ruta /api/integrations/mappingsets/{id}/clone,"Qué hace: registra una solicitud de clone dentro de integration mapping sets para la ruta /api/integrations/mappingsets/{id}/clone. Cuándo se usa: se utiliza durante ventanas operativas controladas cuando se requiere aplicar cambios en integration mapping sets (/api/integrations/mappingsets/{id}/clone). Perfil consumidor: equipos funcionales y técnicos responsables de integration mapping sets. Permiso requerido: CanManageAch. Tipo de operación: POST. Naturaleza: modifica información. Genera auditoría: sí, explícita por cambio de estado o acción operativa. Códigos de respuesta deducibles: 200. Riesgo operativo: medio/alto; un cambio incorrecto puede afectar conciliación ACH, trazabilidad CENIT o integridad NACHA-M. Relación ACH/CENIT/NACHA-M: mantiene consistencia operativa del dominio integration mapping sets dentro del circuito ACH/CENIT/NACHA-M. Precauciones para desarrollo u operación: aplicar segregación de funciones, bitácora de cambio y verificación de impacto antes de confirmar la acción en /api/integrations/mappingsets/{id}/clone.",no,no,no
GET,/api/integrations/mappingsets/{id}/history,Consulta de integration mapping sets: consulta history dentro de integration mapping sets para la ruta /api/integrations/mappingsets/{id}/history,"Qué hace: consulta history dentro de integration mapping sets para la ruta /api/integrations/mappingsets/{id}/history. Cuándo se usa: se utiliza en monitoreo operativo, conciliación y soporte cuando se requiere visibilidad puntual en integration mapping sets (/api/integrations/mappingsets/{id}/history). Perfil consumidor: equipos funcionales y técnicos responsables de integration mapping sets. Permiso requerido: CanManageAch. Tipo de operación: GET. Naturaleza: solo consulta. Genera auditoría: sí, por trazas de acceso y correlación operativa. Códigos de respuesta deducibles: 200. Riesgo operativo: medio; consultas con filtros incorrectos pueden producir diagnósticos operativos erróneos. Relación ACH/CENIT/NACHA-M: mantiene consistencia operativa del dominio integration mapping sets dentro del circuito ACH/CENIT/NACHA-M. Precauciones para desarrollo u operación: validar filtros, rangos de fecha y correlación de identificadores antes de usar resultados de /api/integrations/mappingsets/{id}/history en decisiones operativas.",no,no,no
POST,/api/integrations/mappingsets/{id}/preview,Registro de integration mapping sets: registra una solicitud de preview dentro de integration mapping sets para la ruta /api/integrations/mappingsets/{id}/preview,"Qué hace: registra una solicitud de preview dentro de integration mapping sets para la ruta /api/integrations/mappingsets/{id}/preview. Cuándo se usa: se utiliza durante ventanas operativas controladas cuando se requiere aplicar cambios en integration mapping sets (/api/integrations/mappingsets/{id}/preview). Perfil consumidor: equipos funcionales y técnicos responsables de integration mapping sets. Permiso requerido: CanManageAch. Tipo de operación: POST. Naturaleza: modifica información. Genera auditoría: sí, explícita por cambio de estado o acción operativa. Códigos de respuesta deducibles: 200. Riesgo operativo: medio/alto; un cambio incorrecto puede afectar conciliación ACH, trazabilidad CENIT o integridad NACHA-M. Relación ACH/CENIT/NACHA-M: mantiene consistencia operativa del dominio integration mapping sets dentro del circuito ACH/CENIT/NACHA-M. Precauciones para desarrollo u operación: aplicar segregación de funciones, bitácora de cambio y verificación de impacto antes de confirmar la acción en /api/integrations/mappingsets/{id}/preview.",no,no,no
POST,/api/integrations/mappingsets/{id}/publish,Registro de integration mapping sets: registra una solicitud de publish dentro de integration mapping sets para la ruta /api/integrations/mappingsets/{id}/publish,"Qué hace: registra una solicitud de publish dentro de integration mapping sets para la ruta /api/integrations/mappingsets/{id}/publish. Cuándo se usa: se utiliza durante ventanas operativas controladas cuando se requiere aplicar cambios en integration mapping sets (/api/integrations/mappingsets/{id}/publish). Perfil consumidor: equipos funcionales y técnicos responsables de integration mapping sets. Permiso requerido: CanManageAch. Tipo de operación: POST. Naturaleza: modifica información. Genera auditoría: sí, explícita por cambio de estado o acción operativa. Códigos de respuesta deducibles: 200. Riesgo operativo: medio/alto; un cambio incorrecto puede afectar conciliación ACH, trazabilidad CENIT o integridad NACHA-M. Relación ACH/CENIT/NACHA-M: mantiene consistencia operativa del dominio integration mapping sets dentro del circuito ACH/CENIT/NACHA-M. Precauciones para desarrollo u operación: aplicar segregación de funciones, bitácora de cambio y verificación de impacto antes de confirmar la acción en /api/integrations/mappingsets/{id}/publish.",no,no,no
PUT,/api/integrations/mappingsets/{id}/rules,Actualización de integration mapping sets: actualiza información de upsert rules dentro de integration mapping sets para la ruta /api/integrations/mappingsets/{id}/rules,"Qué hace: actualiza información de upsert rules dentro de integration mapping sets para la ruta /api/integrations/mappingsets/{id}/rules. Cuándo se usa: se utiliza durante ventanas operativas controladas cuando se requiere aplicar cambios en integration mapping sets (/api/integrations/mappingsets/{id}/rules). Perfil consumidor: equipos funcionales y técnicos responsables de integration mapping sets. Permiso requerido: CanManageAch. Tipo de operación: PUT. Naturaleza: modifica información. Genera auditoría: sí, explícita por cambio de estado o acción operativa. Códigos de respuesta deducibles: 200. Riesgo operativo: medio/alto; un cambio incorrecto puede afectar conciliación ACH, trazabilidad CENIT o integridad NACHA-M. Relación ACH/CENIT/NACHA-M: mantiene consistencia operativa del dominio integration mapping sets dentro del circuito ACH/CENIT/NACHA-M. Precauciones para desarrollo u operación: aplicar segregación de funciones, bitácora de cambio y verificación de impacto antes de confirmar la acción en /api/integrations/mappingsets/{id}/rules.",no,no,no
POST,/api/integrations/mappingsets/{id}/validate,Registro de integration mapping sets: registra una solicitud de validate dentro de integration mapping sets para la ruta /api/integrations/mappingsets/{id}/validate,"Qué hace: registra una solicitud de validate dentro de integration mapping sets para la ruta /api/integrations/mappingsets/{id}/validate. Cuándo se usa: se utiliza durante ventanas operativas controladas cuando se requiere aplicar cambios en integration mapping sets (/api/integrations/mappingsets/{id}/validate). Perfil consumidor: equipos funcionales y técnicos responsables de integration mapping sets. Permiso requerido: CanManageAch. Tipo de operación: POST. Naturaleza: modifica información. Genera auditoría: sí, explícita por cambio de estado o acción operativa. Códigos de respuesta deducibles: 200. Riesgo operativo: medio/alto; un cambio incorrecto puede afectar conciliación ACH, trazabilidad CENIT o integridad NACHA-M. Relación ACH/CENIT/NACHA-M: mantiene consistencia operativa del dominio integration mapping sets dentro del circuito ACH/CENIT/NACHA-M. Precauciones para desarrollo u operación: aplicar segregación de funciones, bitácora de cambio y verificación de impacto antes de confirmar la acción en /api/integrations/mappingsets/{id}/validate.",no,no,no
GET,/api/integrations/methods,Consulta de integration catalog: consulta get methods dentro de integration catalog para la ruta /api/integrations/methods,"Qué hace: consulta get methods dentro de integration catalog para la ruta /api/integrations/methods. Cuándo se usa: se utiliza en monitoreo operativo, conciliación y soporte cuando se requiere visibilidad puntual en integration catalog (/api/integrations/methods). Perfil consumidor: equipos funcionales y técnicos responsables de integration catalog. Permiso requerido: CanManageAch. Tipo de operación: GET. Naturaleza: solo consulta. Genera auditoría: sí, por trazas de acceso y correlación operativa. Códigos de respuesta deducibles: 200. Riesgo operativo: medio; consultas con filtros incorrectos pueden producir diagnósticos operativos erróneos. Relación ACH/CENIT/NACHA-M: mantiene consistencia operativa del dominio integration catalog dentro del circuito ACH/CENIT/NACHA-M. Precauciones para desarrollo u operación: validar filtros, rangos de fecha y correlación de identificadores antes de usar resultados de /api/integrations/methods en decisiones operativas.",no,no,no
GET,/api/integrations/methods/{methodId}/parameters,Consulta de integration catalog: consulta get parameters by method dentro de integration catalog para la ruta /api/integrations/methods/{methodId}/parameters,"Qué hace: consulta get parameters by method dentro de integration catalog para la ruta /api/integrations/methods/{methodId}/parameters. Cuándo se usa: se utiliza en monitoreo operativo, conciliación y soporte cuando se requiere visibilidad puntual en integration catalog (/api/integrations/methods/{methodId}/parameters). Perfil consumidor: equipos funcionales y técnicos responsables de integration catalog. Permiso requerido: CanManageAch. Tipo de operación: GET. Naturaleza: solo consulta. Genera auditoría: sí, por trazas de acceso y correlación operativa. Códigos de respuesta deducibles: 200. Riesgo operativo: medio; consultas con filtros incorrectos pueden producir diagnósticos operativos erróneos. Relación ACH/CENIT/NACHA-M: mantiene consistencia operativa del dominio integration catalog dentro del circuito ACH/CENIT/NACHA-M. Precauciones para desarrollo u operación: validar filtros, rangos de fecha y correlación de identificadores antes de usar resultados de /api/integrations/methods/{methodId}/parameters en decisiones operativas.",no,no,no
GET,/api/integrations/source-catalog,Consulta de integration catalog: consulta get source catalog dentro de integration catalog para la ruta /api/integrations/source-catalog,"Qué hace: consulta get source catalog dentro de integration catalog para la ruta /api/integrations/source-catalog. Cuándo se usa: se utiliza en monitoreo operativo, conciliación y soporte cuando se requiere visibilidad puntual en integration catalog (/api/integrations/source-catalog). Perfil consumidor: equipos funcionales y técnicos responsables de integration catalog. Permiso requerido: CanManageAch. Tipo de operación: GET. Naturaleza: solo consulta. Genera auditoría: sí, por trazas de acceso y correlación operativa. Códigos de respuesta deducibles: 200. Riesgo operativo: medio; consultas con filtros incorrectos pueden producir diagnósticos operativos erróneos. Relación ACH/CENIT/NACHA-M: mantiene consistencia operativa del dominio integration catalog dentro del circuito ACH/CENIT/NACHA-M. Precauciones para desarrollo u operación: validar filtros, rangos de fecha y correlación de identificadores antes de usar resultados de /api/integrations/source-catalog en decisiones operativas.",no,no,no
GET,/api/integrations/transformations,Consulta de integration catalog: consulta get transformations dentro de integration catalog para la ruta /api/integrations/transformations,"Qué hace: consulta get transformations dentro de integration catalog para la ruta /api/integrations/transformations. Cuándo se usa: se utiliza en monitoreo operativo, conciliación y soporte cuando se requiere visibilidad puntual en integration catalog (/api/integrations/transformations). Perfil consumidor: equipos funcionales y técnicos responsables de integration catalog. Permiso requerido: CanManageAch. Tipo de operación: GET. Naturaleza: solo consulta. Genera auditoría: sí, por trazas de acceso y correlación operativa. Códigos de respuesta deducibles: 200. Riesgo operativo: medio; consultas con filtros incorrectos pueden producir diagnósticos operativos erróneos. Relación ACH/CENIT/NACHA-M: mantiene consistencia operativa del dominio integration catalog dentro del circuito ACH/CENIT/NACHA-M. Precauciones para desarrollo u operación: validar filtros, rangos de fecha y correlación de identificadores antes de usar resultados de /api/integrations/transformations en decisiones operativas.",no,no,no
GET,/api/navigation-logs,Consulta de navigation logs: consulta get navigation logs dentro de navigation logs para la ruta /api/navigation-logs,"Qué hace: consulta get navigation logs dentro de navigation logs para la ruta /api/navigation-logs. Cuándo se usa: se utiliza en monitoreo operativo, conciliación y soporte cuando se requiere visibilidad puntual en navigation logs (/api/navigation-logs). Perfil consumidor: equipos funcionales y técnicos responsables de navigation logs. Permiso requerido: CanReadAch. Tipo de operación: GET. Naturaleza: solo consulta. Genera auditoría: sí, por trazas de acceso y correlación operativa. Códigos de respuesta deducibles: 200. Riesgo operativo: medio; consultas con filtros incorrectos pueden producir diagnósticos operativos erróneos. Relación ACH/CENIT/NACHA-M: mantiene consistencia operativa del dominio navigation logs dentro del circuito ACH/CENIT/NACHA-M. Precauciones para desarrollo u operación: validar filtros, rangos de fecha y correlación de identificadores antes de usar resultados de /api/navigation-logs en decisiones operativas.",no,no,no
POST,/api/navigation-logs,Registro de navigation logs: registra una solicitud de add navigation log dentro de navigation logs para la ruta /api/navigation-logs,"Qué hace: registra una solicitud de add navigation log dentro de navigation logs para la ruta /api/navigation-logs. Cuándo se usa: se utiliza durante ventanas operativas controladas cuando se requiere aplicar cambios en navigation logs (/api/navigation-logs). Perfil consumidor: equipos funcionales y técnicos responsables de navigation logs. Permiso requerido: requiere token válido con autorización. Tipo de operación: POST. Naturaleza: modifica información. Genera auditoría: sí, explícita por cambio de estado o acción operativa. Códigos de respuesta deducibles: 200. Riesgo operativo: medio/alto; un cambio incorrecto puede afectar conciliación ACH, trazabilidad CENIT o integridad NACHA-M. Relación ACH/CENIT/NACHA-M: mantiene consistencia operativa del dominio navigation logs dentro del circuito ACH/CENIT/NACHA-M. Precauciones para desarrollo u operación: aplicar segregación de funciones, bitácora de cambio y verificación de impacto antes de confirmar la acción en /api/navigation-logs.",no,no,no
GET,/api/payment-rails/capability-registry/rails,Catálogo de rieles de pago habilitados,"Qué hace: retorna rieles disponibles en el registro de capacidades. Cuándo se usa: al consultar alcance funcional por riel. Perfil consumidor: arquitectura de pagos y equipos de integración. Permiso requerido: FineGrainedPermissions.CanViewPaymentRailCapabilityRegistry. Tipo de operación: solo consulta. Genera auditoría: sí, por logs de consulta. Riesgos operativos: usar catálogo desactualizado afecta decisiones de integración. Errores esperados: 401/403 por permiso. Relación ACH/CENIT/NACHA-M: gobernanza de capacidades ACH/CENIT y rieles complementarios. Precauciones para desarrollo u operación: sincronizar consumo con vigencia normativa.",no,no,no
GET,/api/payment-rails/capability-registry/rails/{railCode}/capabilities,Capacidades vigentes por riel,"Qué hace: consulta capacidades efectivas del riel para una fecha dada. Cuándo se usa: en diseño de productos y validación de compatibilidad. Perfil consumidor: arquitectos de integración y operación. Permiso requerido: FineGrainedPermissions.CanViewPaymentRailCapabilityRegistry. Tipo de operación: solo consulta. Genera auditoría: sí, por trazas. Riesgos operativos: código de riel inválido provoca decisiones erróneas. Errores esperados: 400 riel inválido; 401/403. Relación ACH/CENIT/NACHA-M: define qué capacidades ACH/CENIT están disponibles por riel. Precauciones para desarrollo u operación: enviar asOfUtc coherente con fecha operativa.",no,no,no
GET,/api/payment-rails/capability-registry/rails/{railCode}/capabilities/{capabilityCode},Detalle de capacidad por riel,"Qué hace: retorna una capacidad específica y su estado efectivo. Cuándo se usa: al validar una regla puntual de interoperabilidad. Perfil consumidor: arquitectura, QA y cumplimiento. Permiso requerido: FineGrainedPermissions.CanViewPaymentRailCapabilityRegistry. Tipo de operación: solo consulta. Genera auditoría: sí, por trazas. Riesgos operativos: capabilityCode incorrecto produce falsos negativos. Errores esperados: 404 capacidad no encontrada; 400 riel inválido; 401/403. Relación ACH/CENIT/NACHA-M: alinea implementación con matriz de capacidades ACH/CENIT. Precauciones para desarrollo u operación: validar códigos oficiales antes de invocar.",no,no,no
GET,/api/regulatory-catalogs/file-rejection-codes,Consulta de regulatory catalogs: consulta get file rejection codes dentro de regulatory catalogs para la ruta /api/regulatory-catalogs/file-rejection-codes,"Qué hace: consulta get file rejection codes dentro de regulatory catalogs para la ruta /api/regulatory-catalogs/file-rejection-codes. Cuándo se usa: se utiliza en monitoreo operativo, conciliación y soporte cuando se requiere visibilidad puntual en regulatory catalogs (/api/regulatory-catalogs/file-rejection-codes). Perfil consumidor: equipos funcionales y técnicos responsables de regulatory catalogs. Permiso requerido: requiere token válido (sin política explícita en atributo). Tipo de operación: GET. Naturaleza: solo consulta. Genera auditoría: sí, por trazas de acceso y correlación operativa. Códigos de respuesta deducibles: 200. Riesgo operativo: medio; consultas con filtros incorrectos pueden producir diagnósticos operativos erróneos. Relación ACH/CENIT/NACHA-M: mantiene consistencia operativa del dominio regulatory catalogs dentro del circuito ACH/CENIT/NACHA-M. Precauciones para desarrollo u operación: validar filtros, rangos de fecha y correlación de identificadores antes de usar resultados de /api/regulatory-catalogs/file-rejection-codes en decisiones operativas.",no,no,no
GET,/api/regulatory-catalogs/prenotification-policies,Consulta de regulatory catalogs: consulta get prenotification policies dentro de regulatory catalogs para la ruta /api/regulatory-catalogs/prenotification-policies,"Qué hace: consulta get prenotification policies dentro de regulatory catalogs para la ruta /api/regulatory-catalogs/prenotification-policies. Cuándo se usa: se utiliza en monitoreo operativo, conciliación y soporte cuando se requiere visibilidad puntual en regulatory catalogs (/api/regulatory-catalogs/prenotification-policies). Perfil consumidor: equipos funcionales y técnicos responsables de regulatory catalogs. Permiso requerido: requiere token válido (sin política explícita en atributo). Tipo de operación: GET. Naturaleza: solo consulta. Genera auditoría: sí, por trazas de acceso y correlación operativa. Códigos de respuesta deducibles: 200. Riesgo operativo: medio; consultas con filtros incorrectos pueden producir diagnósticos operativos erróneos. Relación ACH/CENIT/NACHA-M: mantiene consistencia operativa del dominio regulatory catalogs dentro del circuito ACH/CENIT/NACHA-M. Precauciones para desarrollo u operación: validar filtros, rangos de fecha y correlación de identificadores antes de usar resultados de /api/regulatory-catalogs/prenotification-policies en decisiones operativas.",no,no,no
GET,/api/regulatory-catalogs/return-codes,Consulta de regulatory catalogs: consulta get return codes dentro de regulatory catalogs para la ruta /api/regulatory-catalogs/return-codes,"Qué hace: consulta get return codes dentro de regulatory catalogs para la ruta /api/regulatory-catalogs/return-codes. Cuándo se usa: se utiliza en monitoreo operativo, conciliación y soporte cuando se requiere visibilidad puntual en regulatory catalogs (/api/regulatory-catalogs/return-codes). Perfil consumidor: equipos funcionales y técnicos responsables de regulatory catalogs. Permiso requerido: requiere token válido (sin política explícita en atributo). Tipo de operación: GET. Naturaleza: solo consulta. Genera auditoría: sí, por trazas de acceso y correlación operativa. Códigos de respuesta deducibles: 200. Riesgo operativo: medio; consultas con filtros incorrectos pueden producir diagnósticos operativos erróneos. Relación ACH/CENIT/NACHA-M: mantiene consistencia operativa del dominio regulatory catalogs dentro del circuito ACH/CENIT/NACHA-M. Precauciones para desarrollo u operación: validar filtros, rangos de fecha y correlación de identificadores antes de usar resultados de /api/regulatory-catalogs/return-codes en decisiones operativas.",no,no,no
GET,/api/regulatory-catalogs/return-of-return-policies,Consulta de regulatory catalogs: consulta get return of return policies dentro de regulatory catalogs para la ruta /api/regulatory-catalogs/return-of-return-policies,"Qué hace: consulta get return of return policies dentro de regulatory catalogs para la ruta /api/regulatory-catalogs/return-of-return-policies. Cuándo se usa: se utiliza en monitoreo operativo, conciliación y soporte cuando se requiere visibilidad puntual en regulatory catalogs (/api/regulatory-catalogs/return-of-return-policies). Perfil consumidor: equipos funcionales y técnicos responsables de regulatory catalogs. Permiso requerido: requiere token válido (sin política explícita en atributo). Tipo de operación: GET. Naturaleza: solo consulta. Genera auditoría: sí, por trazas de acceso y correlación operativa. Códigos de respuesta deducibles: 200. Riesgo operativo: medio; consultas con filtros incorrectos pueden producir diagnósticos operativos erróneos. Relación ACH/CENIT/NACHA-M: mantiene consistencia operativa del dominio regulatory catalogs dentro del circuito ACH/CENIT/NACHA-M. Precauciones para desarrollo u operación: validar filtros, rangos de fecha y correlación de identificadores antes de usar resultados de /api/regulatory-catalogs/return-of-return-policies en decisiones operativas.",no,no,no
GET,/api/regulatory-catalogs/return-policies,Consulta de regulatory catalogs: consulta get return policies dentro de regulatory catalogs para la ruta /api/regulatory-catalogs/return-policies,"Qué hace: consulta get return policies dentro de regulatory catalogs para la ruta /api/regulatory-catalogs/return-policies. Cuándo se usa: se utiliza en monitoreo operativo, conciliación y soporte cuando se requiere visibilidad puntual en regulatory catalogs (/api/regulatory-catalogs/return-policies). Perfil consumidor: equipos funcionales y técnicos responsables de regulatory catalogs. Permiso requerido: requiere token válido (sin política explícita en atributo). Tipo de operación: GET. Naturaleza: solo consulta. Genera auditoría: sí, por trazas de acceso y correlación operativa. Códigos de respuesta deducibles: 200. Riesgo operativo: medio; consultas con filtros incorrectos pueden producir diagnósticos operativos erróneos. Relación ACH/CENIT/NACHA-M: mantiene consistencia operativa del dominio regulatory catalogs dentro del circuito ACH/CENIT/NACHA-M. Precauciones para desarrollo u operación: validar filtros, rangos de fecha y correlación de identificadores antes de usar resultados de /api/regulatory-catalogs/return-policies en decisiones operativas.",no,no,no
GET,/api/regulatory-catalogs/transaction-type-policies,Consulta de regulatory catalogs: consulta get transaction type policies dentro de regulatory catalogs para la ruta /api/regulatory-catalogs/transaction-type-policies,"Qué hace: consulta get transaction type policies dentro de regulatory catalogs para la ruta /api/regulatory-catalogs/transaction-type-policies. Cuándo se usa: se utiliza en monitoreo operativo, conciliación y soporte cuando se requiere visibilidad puntual en regulatory catalogs (/api/regulatory-catalogs/transaction-type-policies). Perfil consumidor: equipos funcionales y técnicos responsables de regulatory catalogs. Permiso requerido: requiere token válido (sin política explícita en atributo). Tipo de operación: GET. Naturaleza: solo consulta. Genera auditoría: sí, por trazas de acceso y correlación operativa. Códigos de respuesta deducibles: 200. Riesgo operativo: medio; consultas con filtros incorrectos pueden producir diagnósticos operativos erróneos. Relación ACH/CENIT/NACHA-M: mantiene consistencia operativa del dominio regulatory catalogs dentro del circuito ACH/CENIT/NACHA-M. Precauciones para desarrollo u operación: validar filtros, rangos de fecha y correlación de identificadores antes de usar resultados de /api/regulatory-catalogs/transaction-type-policies en decisiones operativas.",no,no,no
GET,/api/reports/audit,Reporte de auditoría ACH,"Qué hace: obtiene reporte de auditoría ach con filtros operativos del módulo de reportes. Cuándo se usa: en cierre diario, conciliación, atención de incidentes y evidencia regulatoria. Perfil consumidor: operación ACH, auditoría, cumplimiento y áreas de negocio. Permiso requerido: CanReadAch. Tipo de operación: solo consulta. Genera auditoría: sí, por acceso a información regulatoria y operativa. Riesgos operativos: filtros amplios o fechas incorrectas pueden derivar en interpretaciones erróneas o sobrecarga. Errores esperados: 400 por parámetros inválidos; 401/403 por autorización; 404 cuando no existen datos de referencia. Relación ACH/CENIT/NACHA-M: presenta evidencia del comportamiento ACH/CENIT/NACHA-M en operación real. Precauciones para desarrollo u operación: verificar huso horario, ciclo y cámara antes de compartir resultados.",no,no,no
GET,/api/reports/audit/pdf,Consulta de reportería ACH: consulta get audit pdf dentro de reportería ACH para la ruta /api/reports/audit/pdf,"Qué hace: genera y descarga pdf de auditoría ach en formato PDF con filtros de consulta. Cuándo se usa: en cierre diario, conciliación, atención de incidentes y evidencia regulatoria. Perfil consumidor: operación ACH, auditoría, cumplimiento y áreas de negocio. Permiso requerido: CanReadAch. Tipo de operación: solo consulta. Genera auditoría: sí, por acceso a información regulatoria y operativa. Riesgos operativos: filtros amplios o fechas incorrectas pueden derivar en interpretaciones erróneas o sobrecarga. Errores esperados: 400 por parámetros inválidos; 401/403 por autorización; 404 cuando no existen datos de referencia. Relación ACH/CENIT/NACHA-M: presenta evidencia del comportamiento ACH/CENIT/NACHA-M en operación real. Precauciones para desarrollo u operación: verificar huso horario, ciclo y cámara antes de compartir resultados.",no,no,no
GET,/api/reports/cycles,Reporte de ciclos ACH,"Qué hace: obtiene reporte de ciclos ach con filtros operativos del módulo de reportes. Cuándo se usa: en cierre diario, conciliación, atención de incidentes y evidencia regulatoria. Perfil consumidor: operación ACH, auditoría, cumplimiento y áreas de negocio. Permiso requerido: CanReadAch. Tipo de operación: solo consulta. Genera auditoría: sí, por acceso a información regulatoria y operativa. Riesgos operativos: filtros amplios o fechas incorrectas pueden derivar en interpretaciones erróneas o sobrecarga. Errores esperados: 400 por parámetros inválidos; 401/403 por autorización; 404 cuando no existen datos de referencia. Relación ACH/CENIT/NACHA-M: presenta evidencia del comportamiento ACH/CENIT/NACHA-M en operación real. Precauciones para desarrollo u operación: verificar huso horario, ciclo y cámara antes de compartir resultados.",no,no,no
GET,/api/reports/cycles/pdf,Consulta de reportería ACH: consulta get cycles pdf dentro de reportería ACH para la ruta /api/reports/cycles/pdf,"Qué hace: genera y descarga pdf de ciclos ach en formato PDF con filtros de consulta. Cuándo se usa: en cierre diario, conciliación, atención de incidentes y evidencia regulatoria. Perfil consumidor: operación ACH, auditoría, cumplimiento y áreas de negocio. Permiso requerido: CanReadAch. Tipo de operación: solo consulta. Genera auditoría: sí, por acceso a información regulatoria y operativa. Riesgos operativos: filtros amplios o fechas incorrectas pueden derivar en interpretaciones erróneas o sobrecarga. Errores esperados: 400 por parámetros inválidos; 401/403 por autorización; 404 cuando no existen datos de referencia. Relación ACH/CENIT/NACHA-M: presenta evidencia del comportamiento ACH/CENIT/NACHA-M en operación real. Precauciones para desarrollo u operación: verificar huso horario, ciclo y cámara antes de compartir resultados.",no,no,no
GET,/api/reports/history,Histórico de transacciones ACH,"Qué hace: obtiene histórico de transacciones ach con filtros operativos del módulo de reportes. Cuándo se usa: en cierre diario, conciliación, atención de incidentes y evidencia regulatoria. Perfil consumidor: operación ACH, auditoría, cumplimiento y áreas de negocio. Permiso requerido: CanReadAch. Tipo de operación: solo consulta. Genera auditoría: sí, por acceso a información regulatoria y operativa. Riesgos operativos: filtros amplios o fechas incorrectas pueden derivar en interpretaciones erróneas o sobrecarga. Errores esperados: 400 por parámetros inválidos; 401/403 por autorización; 404 cuando no existen datos de referencia. Relación ACH/CENIT/NACHA-M: presenta evidencia del comportamiento ACH/CENIT/NACHA-M en operación real. Precauciones para desarrollo u operación: verificar huso horario, ciclo y cámara antes de compartir resultados.",no,no,no
GET,/api/reports/history/pdf,Consulta de reportería ACH: consulta get history pdf dentro de reportería ACH para la ruta /api/reports/history/pdf,"Qué hace: genera y descarga pdf de histórico ach en formato PDF con filtros de consulta. Cuándo se usa: en cierre diario, conciliación, atención de incidentes y evidencia regulatoria. Perfil consumidor: operación ACH, auditoría, cumplimiento y áreas de negocio. Permiso requerido: CanReadAch. Tipo de operación: solo consulta. Genera auditoría: sí, por acceso a información regulatoria y operativa. Riesgos operativos: filtros amplios o fechas incorrectas pueden derivar en interpretaciones erróneas o sobrecarga. Errores esperados: 400 por parámetros inválidos; 401/403 por autorización; 404 cuando no existen datos de referencia. Relación ACH/CENIT/NACHA-M: presenta evidencia del comportamiento ACH/CENIT/NACHA-M en operación real. Precauciones para desarrollo u operación: verificar huso horario, ciclo y cámara antes de compartir resultados.",no,no,no
GET,/api/reports/nacha-files,Reporte de archivos NACHA,"Qué hace: obtiene reporte de archivos nacha con filtros operativos del módulo de reportes. Cuándo se usa: en cierre diario, conciliación, atención de incidentes y evidencia regulatoria. Perfil consumidor: operación ACH, auditoría, cumplimiento y áreas de negocio. Permiso requerido: CanReadAch. Tipo de operación: solo consulta. Genera auditoría: sí, por acceso a información regulatoria y operativa. Riesgos operativos: filtros amplios o fechas incorrectas pueden derivar en interpretaciones erróneas o sobrecarga. Errores esperados: 400 por parámetros inválidos; 401/403 por autorización; 404 cuando no existen datos de referencia. Relación ACH/CENIT/NACHA-M: presenta evidencia del comportamiento ACH/CENIT/NACHA-M en operación real. Precauciones para desarrollo u operación: verificar huso horario, ciclo y cámara antes de compartir resultados.",no,no,no
GET,/api/reports/nacha-files/pdf,PDF de archivos NACHA,"Qué hace: genera y descarga pdf de archivos nacha en formato PDF con filtros de consulta. Cuándo se usa: en cierre diario, conciliación, atención de incidentes y evidencia regulatoria. Perfil consumidor: operación ACH, auditoría, cumplimiento y áreas de negocio. Permiso requerido: CanReadAch. Tipo de operación: solo consulta. Genera auditoría: sí, por acceso a información regulatoria y operativa. Riesgos operativos: filtros amplios o fechas incorrectas pueden derivar en interpretaciones erróneas o sobrecarga. Errores esperados: 400 por parámetros inválidos; 401/403 por autorización; 404 cuando no existen datos de referencia. Relación ACH/CENIT/NACHA-M: presenta evidencia del comportamiento ACH/CENIT/NACHA-M en operación real. Precauciones para desarrollo u operación: verificar huso horario, ciclo y cámara antes de compartir resultados.",no,no,no
GET,/api/reports/reconciliation,Reporte de conciliación,"Qué hace: obtiene reporte de conciliación con filtros operativos del módulo de reportes. Cuándo se usa: en cierre diario, conciliación, atención de incidentes y evidencia regulatoria. Perfil consumidor: operación ACH, auditoría, cumplimiento y áreas de negocio. Permiso requerido: CanReadAch. Tipo de operación: solo consulta. Genera auditoría: sí, por acceso a información regulatoria y operativa. Riesgos operativos: filtros amplios o fechas incorrectas pueden derivar en interpretaciones erróneas o sobrecarga. Errores esperados: 400 por parámetros inválidos; 401/403 por autorización; 404 cuando no existen datos de referencia. Relación ACH/CENIT/NACHA-M: presenta evidencia del comportamiento ACH/CENIT/NACHA-M en operación real. Precauciones para desarrollo u operación: verificar huso horario, ciclo y cámara antes de compartir resultados.",no,no,no
GET,/api/reports/reconciliation/pdf,Consulta de reportería ACH: consulta get reconciliation pdf dentro de reportería ACH para la ruta /api/reports/reconciliation/pdf,"Qué hace: genera y descarga pdf de conciliación en formato PDF con filtros de consulta. Cuándo se usa: en cierre diario, conciliación, atención de incidentes y evidencia regulatoria. Perfil consumidor: operación ACH, auditoría, cumplimiento y áreas de negocio. Permiso requerido: CanReadAch. Tipo de operación: solo consulta. Genera auditoría: sí, por acceso a información regulatoria y operativa. Riesgos operativos: filtros amplios o fechas incorrectas pueden derivar en interpretaciones erróneas o sobrecarga. Errores esperados: 400 por parámetros inválidos; 401/403 por autorización; 404 cuando no existen datos de referencia. Relación ACH/CENIT/NACHA-M: presenta evidencia del comportamiento ACH/CENIT/NACHA-M en operación real. Precauciones para desarrollo u operación: verificar huso horario, ciclo y cámara antes de compartir resultados.",no,no,no
GET,/api/reports/rejections,Reporte de rechazos de archivo,"Qué hace: obtiene reporte de rechazos de archivo con filtros operativos del módulo de reportes. Cuándo se usa: en cierre diario, conciliación, atención de incidentes y evidencia regulatoria. Perfil consumidor: operación ACH, auditoría, cumplimiento y áreas de negocio. Permiso requerido: CanReadAch. Tipo de operación: solo consulta. Genera auditoría: sí, por acceso a información regulatoria y operativa. Riesgos operativos: filtros amplios o fechas incorrectas pueden derivar en interpretaciones erróneas o sobrecarga. Errores esperados: 400 por parámetros inválidos; 401/403 por autorización; 404 cuando no existen datos de referencia. Relación ACH/CENIT/NACHA-M: presenta evidencia del comportamiento ACH/CENIT/NACHA-M en operación real. Precauciones para desarrollo u operación: verificar huso horario, ciclo y cámara antes de compartir resultados.",no,no,no
GET,/api/reports/rejections/pdf,Consulta de reportería ACH: consulta get rejections pdf dentro de reportería ACH para la ruta /api/reports/rejections/pdf,"Qué hace: genera y descarga pdf de rechazos en formato PDF con filtros de consulta. Cuándo se usa: en cierre diario, conciliación, atención de incidentes y evidencia regulatoria. Perfil consumidor: operación ACH, auditoría, cumplimiento y áreas de negocio. Permiso requerido: CanReadAch. Tipo de operación: solo consulta. Genera auditoría: sí, por acceso a información regulatoria y operativa. Riesgos operativos: filtros amplios o fechas incorrectas pueden derivar en interpretaciones erróneas o sobrecarga. Errores esperados: 400 por parámetros inválidos; 401/403 por autorización; 404 cuando no existen datos de referencia. Relación ACH/CENIT/NACHA-M: presenta evidencia del comportamiento ACH/CENIT/NACHA-M en operación real. Precauciones para desarrollo u operación: verificar huso horario, ciclo y cámara antes de compartir resultados.",no,no,no
GET,/api/reports/returns,Reporte de devoluciones,"Qué hace: obtiene reporte de devoluciones con filtros operativos del módulo de reportes. Cuándo se usa: en cierre diario, conciliación, atención de incidentes y evidencia regulatoria. Perfil consumidor: operación ACH, auditoría, cumplimiento y áreas de negocio. Permiso requerido: CanReadAch. Tipo de operación: solo consulta. Genera auditoría: sí, por acceso a información regulatoria y operativa. Riesgos operativos: filtros amplios o fechas incorrectas pueden derivar en interpretaciones erróneas o sobrecarga. Errores esperados: 400 por parámetros inválidos; 401/403 por autorización; 404 cuando no existen datos de referencia. Relación ACH/CENIT/NACHA-M: presenta evidencia del comportamiento ACH/CENIT/NACHA-M en operación real. Precauciones para desarrollo u operación: verificar huso horario, ciclo y cámara antes de compartir resultados.",no,no,no
GET,/api/reports/returns/pdf,Consulta de reportería ACH: consulta get returns pdf dentro de reportería ACH para la ruta /api/reports/returns/pdf,"Qué hace: genera y descarga pdf de devoluciones en formato PDF con filtros de consulta. Cuándo se usa: en cierre diario, conciliación, atención de incidentes y evidencia regulatoria. Perfil consumidor: operación ACH, auditoría, cumplimiento y áreas de negocio. Permiso requerido: CanReadAch. Tipo de operación: solo consulta. Genera auditoría: sí, por acceso a información regulatoria y operativa. Riesgos operativos: filtros amplios o fechas incorrectas pueden derivar en interpretaciones erróneas o sobrecarga. Errores esperados: 400 por parámetros inválidos; 401/403 por autorización; 404 cuando no existen datos de referencia. Relación ACH/CENIT/NACHA-M: presenta evidencia del comportamiento ACH/CENIT/NACHA-M en operación real. Precauciones para desarrollo u operación: verificar huso horario, ciclo y cámara antes de compartir resultados.",no,no,no
GET,/api/reports/traceability/pdf,PDF de trazabilidad ACH,"Qué hace: genera y descarga pdf de trazabilidad ach en formato PDF con filtros de consulta. Cuándo se usa: en cierre diario, conciliación, atención de incidentes y evidencia regulatoria. Perfil consumidor: operación ACH, auditoría, cumplimiento y áreas de negocio. Permiso requerido: CanReadAch. Tipo de operación: solo consulta. Genera auditoría: sí, por acceso a información regulatoria y operativa. Riesgos operativos: filtros amplios o fechas incorrectas pueden derivar en interpretaciones erróneas o sobrecarga. Errores esperados: 400 por parámetros inválidos; 401/403 por autorización; 404 cuando no existen datos de referencia. Relación ACH/CENIT/NACHA-M: presenta evidencia del comportamiento ACH/CENIT/NACHA-M en operación real. Precauciones para desarrollo u operación: verificar huso horario, ciclo y cámara antes de compartir resultados.",no,no,no
GET,/api/reports/transactions/received,Reporte de transacciones recibidas,"Qué hace: obtiene reporte de transacciones recibidas con filtros operativos del módulo de reportes. Cuándo se usa: en cierre diario, conciliación, atención de incidentes y evidencia regulatoria. Perfil consumidor: operación ACH, auditoría, cumplimiento y áreas de negocio. Permiso requerido: CanReadAch. Tipo de operación: solo consulta. Genera auditoría: sí, por acceso a información regulatoria y operativa. Riesgos operativos: filtros amplios o fechas incorrectas pueden derivar en interpretaciones erróneas o sobrecarga. Errores esperados: 400 por parámetros inválidos; 401/403 por autorización; 404 cuando no existen datos de referencia. Relación ACH/CENIT/NACHA-M: presenta evidencia del comportamiento ACH/CENIT/NACHA-M en operación real. Precauciones para desarrollo u operación: verificar huso horario, ciclo y cámara antes de compartir resultados.",no,no,no
GET,/api/reports/transactions/received/pdf,PDF de transacciones recibidas,"Qué hace: genera y descarga pdf de transacciones recibidas en formato PDF con filtros de consulta. Cuándo se usa: en cierre diario, conciliación, atención de incidentes y evidencia regulatoria. Perfil consumidor: operación ACH, auditoría, cumplimiento y áreas de negocio. Permiso requerido: CanReadAch. Tipo de operación: solo consulta. Genera auditoría: sí, por acceso a información regulatoria y operativa. Riesgos operativos: filtros amplios o fechas incorrectas pueden derivar en interpretaciones erróneas o sobrecarga. Errores esperados: 400 por parámetros inválidos; 401/403 por autorización; 404 cuando no existen datos de referencia. Relación ACH/CENIT/NACHA-M: presenta evidencia del comportamiento ACH/CENIT/NACHA-M en operación real. Precauciones para desarrollo u operación: verificar huso horario, ciclo y cámara antes de compartir resultados.",no,no,no
GET,/api/reports/transactions/sent,Reporte de transacciones enviadas,"Qué hace: obtiene reporte de transacciones enviadas con filtros operativos del módulo de reportes. Cuándo se usa: en cierre diario, conciliación, atención de incidentes y evidencia regulatoria. Perfil consumidor: operación ACH, auditoría, cumplimiento y áreas de negocio. Permiso requerido: CanReadAch. Tipo de operación: solo consulta. Genera auditoría: sí, por acceso a información regulatoria y operativa. Riesgos operativos: filtros amplios o fechas incorrectas pueden derivar en interpretaciones erróneas o sobrecarga. Errores esperados: 400 por parámetros inválidos; 401/403 por autorización; 404 cuando no existen datos de referencia. Relación ACH/CENIT/NACHA-M: presenta evidencia del comportamiento ACH/CENIT/NACHA-M en operación real. Precauciones para desarrollo u operación: verificar huso horario, ciclo y cámara antes de compartir resultados.",no,no,no
GET,/api/reports/transactions/sent/pdf,PDF de transacciones enviadas,"Qué hace: genera y descarga pdf de transacciones enviadas en formato PDF con filtros de consulta. Cuándo se usa: en cierre diario, conciliación, atención de incidentes y evidencia regulatoria. Perfil consumidor: operación ACH, auditoría, cumplimiento y áreas de negocio. Permiso requerido: CanReadAch. Tipo de operación: solo consulta. Genera auditoría: sí, por acceso a información regulatoria y operativa. Riesgos operativos: filtros amplios o fechas incorrectas pueden derivar en interpretaciones erróneas o sobrecarga. Errores esperados: 400 por parámetros inválidos; 401/403 por autorización; 404 cuando no existen datos de referencia. Relación ACH/CENIT/NACHA-M: presenta evidencia del comportamiento ACH/CENIT/NACHA-M en operación real. Precauciones para desarrollo u operación: verificar huso horario, ciclo y cámara antes de compartir resultados.",no,no,no
POST,/api/transactions/bulk-ingestion/upload,Registro de bulk ingestion: registra una solicitud de upload dentro de bulk ingestion para la ruta /api/transactions/bulk-ingestion/upload,"Qué hace: registra una solicitud de upload dentro de bulk ingestion para la ruta /api/transactions/bulk-ingestion/upload. Cuándo se usa: se utiliza durante ventanas operativas controladas cuando se requiere aplicar cambios en bulk ingestion (/api/transactions/bulk-ingestion/upload). Perfil consumidor: operación ACH, soporte de incidentes y monitoreo de procesamiento. Permiso requerido: CanManageAch. Tipo de operación: POST. Naturaleza: modifica información. Genera auditoría: sí, explícita por cambio de estado o acción operativa. Códigos de respuesta deducibles: 200, 400, 500. Riesgo operativo: medio/alto; un cambio incorrecto puede afectar conciliación ACH, trazabilidad CENIT o integridad NACHA-M. Relación ACH/CENIT/NACHA-M: mantiene consistencia operativa del dominio bulk ingestion dentro del circuito ACH/CENIT/NACHA-M. Precauciones para desarrollo u operación: aplicar segregación de funciones, bitácora de cambio y verificación de impacto antes de confirmar la acción en /api/transactions/bulk-ingestion/upload.",no,no,no
GET,/api/transactions/bulk-ingestion/{batchId},Consulta de ciclos y lotes ACH: consulta get batch dentro de ciclos y lotes ACH para la ruta /api/transactions/bulk-ingestion/{batchId},"Qué hace: consulta get batch dentro de ciclos y lotes ACH para la ruta /api/transactions/bulk-ingestion/{batchId}. Cuándo se usa: se utiliza en monitoreo operativo, conciliación y soporte cuando se requiere visibilidad puntual en ciclos y lotes ACH (/api/transactions/bulk-ingestion/{batchId}). Perfil consumidor: operación ACH, soporte de incidentes y monitoreo de procesamiento. Permiso requerido: CanManageAch. Tipo de operación: GET. Naturaleza: solo consulta. Genera auditoría: sí, por trazas de acceso y correlación operativa. Códigos de respuesta deducibles: 200, 404. Riesgo operativo: medio; consultas con filtros incorrectos pueden producir diagnósticos operativos erróneos. Relación ACH/CENIT/NACHA-M: impacta la preparación y cierre de ciclos ACH con efectos en conciliación CENIT. Precauciones para desarrollo u operación: validar filtros, rangos de fecha y correlación de identificadores antes de usar resultados de /api/transactions/bulk-ingestion/{batchId} en decisiones operativas.",no,no,no
POST,/api/transactions/bulk-ingestion/{batchId}/cancel,Registro de ciclos y lotes ACH: registra una solicitud de cancel dentro de ciclos y lotes ACH para la ruta /api/transactions/bulk-ingestion/{batchId}/cancel,"Qué hace: registra una solicitud de cancel dentro de ciclos y lotes ACH para la ruta /api/transactions/bulk-ingestion/{batchId}/cancel. Cuándo se usa: se utiliza durante ventanas operativas controladas cuando se requiere aplicar cambios en ciclos y lotes ACH (/api/transactions/bulk-ingestion/{batchId}/cancel). Perfil consumidor: operación ACH, soporte de incidentes y monitoreo de procesamiento. Permiso requerido: CanManageAch. Tipo de operación: POST. Naturaleza: modifica información. Genera auditoría: sí, explícita por cambio de estado o acción operativa. Códigos de respuesta deducibles: 200, 400, 404. Riesgo operativo: medio/alto; un cambio incorrecto puede afectar conciliación ACH, trazabilidad CENIT o integridad NACHA-M. Relación ACH/CENIT/NACHA-M: impacta la preparación y cierre de ciclos ACH con efectos en conciliación CENIT. Precauciones para desarrollo u operación: aplicar segregación de funciones, bitácora de cambio y verificación de impacto antes de confirmar la acción en /api/transactions/bulk-ingestion/{batchId}/cancel.",no,no,no
GET,/api/transactions/bulk-ingestion/{batchId}/items,Consulta de ciclos y lotes ACH: consulta get batch items dentro de ciclos y lotes ACH para la ruta /api/transactions/bulk-ingestion/{batchId}/items,"Qué hace: consulta get batch items dentro de ciclos y lotes ACH para la ruta /api/transactions/bulk-ingestion/{batchId}/items. Cuándo se usa: se utiliza en monitoreo operativo, conciliación y soporte cuando se requiere visibilidad puntual en ciclos y lotes ACH (/api/transactions/bulk-ingestion/{batchId}/items). Perfil consumidor: operación ACH, soporte de incidentes y monitoreo de procesamiento. Permiso requerido: CanManageAch. Tipo de operación: GET. Naturaleza: solo consulta. Genera auditoría: sí, por trazas de acceso y correlación operativa. Códigos de respuesta deducibles: 200. Riesgo operativo: medio; consultas con filtros incorrectos pueden producir diagnósticos operativos erróneos. Relación ACH/CENIT/NACHA-M: impacta la preparación y cierre de ciclos ACH con efectos en conciliación CENIT. Precauciones para desarrollo u operación: validar filtros, rangos de fecha y correlación de identificadores antes de usar resultados de /api/transactions/bulk-ingestion/{batchId}/items en decisiones operativas.",no,no,no
POST,/api/transactions/bulk-ingestion/{batchId}/retry,Registro de ciclos y lotes ACH: registra una solicitud de retry dentro de ciclos y lotes ACH para la ruta /api/transactions/bulk-ingestion/{batchId}/retry,"Qué hace: registra una solicitud de retry dentro de ciclos y lotes ACH para la ruta /api/transactions/bulk-ingestion/{batchId}/retry. Cuándo se usa: se utiliza durante ventanas operativas controladas cuando se requiere aplicar cambios en ciclos y lotes ACH (/api/transactions/bulk-ingestion/{batchId}/retry). Perfil consumidor: operación ACH, soporte de incidentes y monitoreo de procesamiento. Permiso requerido: CanManageAch. Tipo de operación: POST. Naturaleza: modifica información. Genera auditoría: sí, explícita por cambio de estado o acción operativa. Códigos de respuesta deducibles: 200, 400, 404. Riesgo operativo: medio/alto; un cambio incorrecto puede afectar conciliación ACH, trazabilidad CENIT o integridad NACHA-M. Relación ACH/CENIT/NACHA-M: impacta la preparación y cierre de ciclos ACH con efectos en conciliación CENIT. Precauciones para desarrollo u operación: aplicar segregación de funciones, bitácora de cambio y verificación de impacto antes de confirmar la acción en /api/transactions/bulk-ingestion/{batchId}/retry.",no,no,no
GET,/api/transactions/bulk-ingestion/{batchId}/summary,Consulta de ciclos y lotes ACH: consulta get batch summary dentro de ciclos y lotes ACH para la ruta /api/transactions/bulk-ingestion/{batchId}/summary,"Qué hace: consulta get batch summary dentro de ciclos y lotes ACH para la ruta /api/transactions/bulk-ingestion/{batchId}/summary. Cuándo se usa: se utiliza en monitoreo operativo, conciliación y soporte cuando se requiere visibilidad puntual en ciclos y lotes ACH (/api/transactions/bulk-ingestion/{batchId}/summary). Perfil consumidor: operación ACH, soporte de incidentes y monitoreo de procesamiento. Permiso requerido: CanManageAch. Tipo de operación: GET. Naturaleza: solo consulta. Genera auditoría: sí, por trazas de acceso y correlación operativa. Códigos de respuesta deducibles: 200, 404. Riesgo operativo: medio; consultas con filtros incorrectos pueden producir diagnósticos operativos erróneos. Relación ACH/CENIT/NACHA-M: impacta la preparación y cierre de ciclos ACH con efectos en conciliación CENIT. Precauciones para desarrollo u operación: validar filtros, rangos de fecha y correlación de identificadores antes de usar resultados de /api/transactions/bulk-ingestion/{batchId}/summary en decisiones operativas.",no,no,no
GET,/api/users/branding,Consulta de branding: consulta get branding dentro de branding para la ruta /api/users/branding,"Qué hace: consulta get branding dentro de branding para la ruta /api/users/branding. Cuándo se usa: se utiliza en monitoreo operativo, conciliación y soporte cuando se requiere visibilidad puntual en branding (/api/users/branding). Perfil consumidor: equipos funcionales y técnicos responsables de branding. Permiso requerido: acceso anónimo. Tipo de operación: GET. Naturaleza: solo consulta. Genera auditoría: sí, por trazas de acceso y correlación operativa. Códigos de respuesta deducibles: 200. Riesgo operativo: medio; consultas con filtros incorrectos pueden producir diagnósticos operativos erróneos. Relación ACH/CENIT/NACHA-M: mantiene consistencia operativa del dominio branding dentro del circuito ACH/CENIT/NACHA-M. Precauciones para desarrollo u operación: validar filtros, rangos de fecha y correlación de identificadores antes de usar resultados de /api/users/branding en decisiones operativas.",no,no,no
PUT,/api/users/branding,Actualización de branding: actualiza información de save branding dentro de branding para la ruta /api/users/branding,"Qué hace: actualiza información de save branding dentro de branding para la ruta /api/users/branding. Cuándo se usa: se utiliza durante ventanas operativas controladas cuando se requiere aplicar cambios en branding (/api/users/branding). Perfil consumidor: equipos funcionales y técnicos responsables de branding. Permiso requerido: acceso anónimo. Tipo de operación: PUT. Naturaleza: modifica información. Genera auditoría: sí, explícita por cambio de estado o acción operativa. Códigos de respuesta deducibles: 200. Riesgo operativo: medio/alto; un cambio incorrecto puede afectar conciliación ACH, trazabilidad CENIT o integridad NACHA-M. Relación ACH/CENIT/NACHA-M: mantiene consistencia operativa del dominio branding dentro del circuito ACH/CENIT/NACHA-M. Precauciones para desarrollo u operación: aplicar segregación de funciones, bitácora de cambio y verificación de impacto antes de confirmar la acción en /api/users/branding.",no,no,no
GET,/api/users/login-lockout,Consulta de login lockout settings: consulta get dentro de login lockout settings para la ruta /api/users/login-lockout,"Qué hace: consulta get dentro de login lockout settings para la ruta /api/users/login-lockout. Cuándo se usa: se utiliza en monitoreo operativo, conciliación y soporte cuando se requiere visibilidad puntual en login lockout settings (/api/users/login-lockout). Perfil consumidor: equipos funcionales y técnicos responsables de login lockout settings. Permiso requerido: requiere token válido con autorización. Tipo de operación: GET. Naturaleza: solo consulta. Genera auditoría: sí, por trazas de acceso y correlación operativa. Códigos de respuesta deducibles: 200. Riesgo operativo: medio; consultas con filtros incorrectos pueden producir diagnósticos operativos erróneos. Relación ACH/CENIT/NACHA-M: mantiene consistencia operativa del dominio login lockout settings dentro del circuito ACH/CENIT/NACHA-M. Precauciones para desarrollo u operación: validar filtros, rangos de fecha y correlación de identificadores antes de usar resultados de /api/users/login-lockout en decisiones operativas.",no,no,no
PUT,/api/users/login-lockout,Actualización de login lockout settings: actualiza información de save dentro de login lockout settings para la ruta /api/users/login-lockout,"Qué hace: actualiza información de save dentro de login lockout settings para la ruta /api/users/login-lockout. Cuándo se usa: se utiliza durante ventanas operativas controladas cuando se requiere aplicar cambios en login lockout settings (/api/users/login-lockout). Perfil consumidor: equipos funcionales y técnicos responsables de login lockout settings. Permiso requerido: requiere token válido con autorización. Tipo de operación: PUT. Naturaleza: modifica información. Genera auditoría: sí, explícita por cambio de estado o acción operativa. Códigos de respuesta deducibles: 200. Riesgo operativo: medio/alto; un cambio incorrecto puede afectar conciliación ACH, trazabilidad CENIT o integridad NACHA-M. Relación ACH/CENIT/NACHA-M: mantiene consistencia operativa del dominio login lockout settings dentro del circuito ACH/CENIT/NACHA-M. Precauciones para desarrollo u operación: aplicar segregación de funciones, bitácora de cambio y verificación de impacto antes de confirmar la acción en /api/users/login-lockout.",no,no,no
GET,/api/users/password-rules,Consulta de password rules: consulta get rules dentro de password rules para la ruta /api/users/password-rules,"Qué hace: consulta get rules dentro de password rules para la ruta /api/users/password-rules. Cuándo se usa: se utiliza en monitoreo operativo, conciliación y soporte cuando se requiere visibilidad puntual en password rules (/api/users/password-rules). Perfil consumidor: equipos funcionales y técnicos responsables de password rules. Permiso requerido: requiere token válido con autorización. Tipo de operación: GET. Naturaleza: solo consulta. Genera auditoría: sí, por trazas de acceso y correlación operativa. Códigos de respuesta deducibles: 200. Riesgo operativo: alto; requiere segregación de funciones, revisión de autorizaciones y manejo seguro de evidencia. Relación ACH/CENIT/NACHA-M: mantiene consistencia operativa del dominio password rules dentro del circuito ACH/CENIT/NACHA-M. Precauciones para desarrollo u operación: validar filtros, rangos de fecha y correlación de identificadores antes de usar resultados de /api/users/password-rules en decisiones operativas.",no,no,no
PUT,/api/users/password-rules,Actualización de password rules: actualiza información de save rules dentro de password rules para la ruta /api/users/password-rules,"Qué hace: actualiza información de save rules dentro de password rules para la ruta /api/users/password-rules. Cuándo se usa: se utiliza durante ventanas operativas controladas cuando se requiere aplicar cambios en password rules (/api/users/password-rules). Perfil consumidor: equipos funcionales y técnicos responsables de password rules. Permiso requerido: requiere token válido con autorización. Tipo de operación: PUT. Naturaleza: modifica información. Genera auditoría: sí, explícita por cambio de estado o acción operativa. Códigos de respuesta deducibles: 200. Riesgo operativo: alto; requiere segregación de funciones, revisión de autorizaciones y manejo seguro de evidencia. Relación ACH/CENIT/NACHA-M: mantiene consistencia operativa del dominio password rules dentro del circuito ACH/CENIT/NACHA-M. Precauciones para desarrollo u operación: aplicar segregación de funciones, bitácora de cambio y verificación de impacto antes de confirmar la acción en /api/users/password-rules.",no,no,no
GET,/api/users/soap-integrations,Consulta de soap integration settings: consulta get dentro de soap integration settings para la ruta /api/users/soap-integrations,"Qué hace: consulta get dentro de soap integration settings para la ruta /api/users/soap-integrations. Cuándo se usa: se utiliza en monitoreo operativo, conciliación y soporte cuando se requiere visibilidad puntual en soap integration settings (/api/users/soap-integrations). Perfil consumidor: equipos funcionales y técnicos responsables de soap integration settings. Permiso requerido: requiere token válido con autorización. Tipo de operación: GET. Naturaleza: solo consulta. Genera auditoría: sí, por trazas de acceso y correlación operativa. Códigos de respuesta deducibles: 200. Riesgo operativo: medio; consultas con filtros incorrectos pueden producir diagnósticos operativos erróneos. Relación ACH/CENIT/NACHA-M: mantiene consistencia operativa del dominio soap integration settings dentro del circuito ACH/CENIT/NACHA-M. Precauciones para desarrollo u operación: validar filtros, rangos de fecha y correlación de identificadores antes de usar resultados de /api/users/soap-integrations en decisiones operativas.",no,no,no
PUT,/api/users/soap-integrations,Actualización de soap integration settings: actualiza información de save dentro de soap integration settings para la ruta /api/users/soap-integrations,"Qué hace: actualiza información de save dentro de soap integration settings para la ruta /api/users/soap-integrations. Cuándo se usa: se utiliza durante ventanas operativas controladas cuando se requiere aplicar cambios en soap integration settings (/api/users/soap-integrations). Perfil consumidor: equipos funcionales y técnicos responsables de soap integration settings. Permiso requerido: requiere token válido con autorización. Tipo de operación: PUT. Naturaleza: modifica información. Genera auditoría: sí, explícita por cambio de estado o acción operativa. Códigos de respuesta deducibles: 200. Riesgo operativo: medio/alto; un cambio incorrecto puede afectar conciliación ACH, trazabilidad CENIT o integridad NACHA-M. Relación ACH/CENIT/NACHA-M: mantiene consistencia operativa del dominio soap integration settings dentro del circuito ACH/CENIT/NACHA-M. Precauciones para desarrollo u operación: aplicar segregación de funciones, bitácora de cambio y verificación de impacto antes de confirmar la acción en /api/users/soap-integrations.",no,no,no
GET,/bank-holidays,Consulta de bank holidays: consulta get all dentro de bank holidays para la ruta /bank-holidays,"Qué hace: consulta get all dentro de bank holidays para la ruta /bank-holidays. Cuándo se usa: se utiliza en monitoreo operativo, conciliación y soporte cuando se requiere visibilidad puntual en bank holidays (/bank-holidays). Perfil consumidor: equipos funcionales y técnicos responsables de bank holidays. Permiso requerido: CanManageAch. Tipo de operación: GET. Naturaleza: solo consulta. Genera auditoría: sí, por trazas de acceso y correlación operativa. Códigos de respuesta deducibles: 200. Riesgo operativo: medio; consultas con filtros incorrectos pueden producir diagnósticos operativos erróneos. Relación ACH/CENIT/NACHA-M: mantiene consistencia operativa del dominio bank holidays dentro del circuito ACH/CENIT/NACHA-M. Precauciones para desarrollo u operación: validar filtros, rangos de fecha y correlación de identificadores antes de usar resultados de /bank-holidays en decisiones operativas.",no,no,no
POST,/bank-holidays,Registro de bank holidays: registra una solicitud de create dentro de bank holidays para la ruta /bank-holidays,"Qué hace: registra una solicitud de create dentro de bank holidays para la ruta /bank-holidays. Cuándo se usa: se utiliza durante ventanas operativas controladas cuando se requiere aplicar cambios en bank holidays (/bank-holidays). Perfil consumidor: equipos funcionales y técnicos responsables de bank holidays. Permiso requerido: CanManageAch. Tipo de operación: POST. Naturaleza: modifica información. Genera auditoría: sí, explícita por cambio de estado o acción operativa. Códigos de respuesta deducibles: 200. Riesgo operativo: medio/alto; un cambio incorrecto puede afectar conciliación ACH, trazabilidad CENIT o integridad NACHA-M. Relación ACH/CENIT/NACHA-M: mantiene consistencia operativa del dominio bank holidays dentro del circuito ACH/CENIT/NACHA-M. Precauciones para desarrollo u operación: aplicar segregación de funciones, bitácora de cambio y verificación de impacto antes de confirmar la acción en /bank-holidays.",no,no,no
DELETE,/bank-holidays/{id},Eliminación de bank holidays: elimina recursos asociados a delete dentro de bank holidays para la ruta /bank-holidays/{id},"Qué hace: elimina recursos asociados a delete dentro de bank holidays para la ruta /bank-holidays/{id}. Cuándo se usa: se utiliza durante ventanas operativas controladas cuando se requiere aplicar cambios en bank holidays (/bank-holidays/{id}). Perfil consumidor: equipos funcionales y técnicos responsables de bank holidays. Permiso requerido: CanManageAch. Tipo de operación: DELETE. Naturaleza: modifica información. Genera auditoría: sí, explícita por cambio de estado o acción operativa. Códigos de respuesta deducibles: 200. Riesgo operativo: medio/alto; un cambio incorrecto puede afectar conciliación ACH, trazabilidad CENIT o integridad NACHA-M. Relación ACH/CENIT/NACHA-M: mantiene consistencia operativa del dominio bank holidays dentro del circuito ACH/CENIT/NACHA-M. Precauciones para desarrollo u operación: aplicar segregación de funciones, bitácora de cambio y verificación de impacto antes de confirmar la acción en /bank-holidays/{id}.",no,no,no
PUT,/bank-holidays/{id},Actualización de bank holidays: actualiza información de update dentro de bank holidays para la ruta /bank-holidays/{id},"Qué hace: actualiza información de update dentro de bank holidays para la ruta /bank-holidays/{id}. Cuándo se usa: se utiliza durante ventanas operativas controladas cuando se requiere aplicar cambios en bank holidays (/bank-holidays/{id}). Perfil consumidor: equipos funcionales y técnicos responsables de bank holidays. Permiso requerido: CanManageAch. Tipo de operación: PUT. Naturaleza: modifica información. Genera auditoría: sí, explícita por cambio de estado o acción operativa. Códigos de respuesta deducibles: 200. Riesgo operativo: medio/alto; un cambio incorrecto puede afectar conciliación ACH, trazabilidad CENIT o integridad NACHA-M. Relación ACH/CENIT/NACHA-M: mantiene consistencia operativa del dominio bank holidays dentro del circuito ACH/CENIT/NACHA-M. Precauciones para desarrollo u operación: aplicar segregación de funciones, bitácora de cambio y verificación de impacto antes de confirmar la acción en /bank-holidays/{id}.",no,no,no
GET,/catalog-types/{catalogType},Consulta de catalog types: consulta get all dentro de catalog types para la ruta /catalog-types/{catalogType},"Qué hace: consulta get all dentro de catalog types para la ruta /catalog-types/{catalogType}. Cuándo se usa: se utiliza en monitoreo operativo, conciliación y soporte cuando se requiere visibilidad puntual en catalog types (/catalog-types/{catalogType}). Perfil consumidor: equipos funcionales y técnicos responsables de catalog types. Permiso requerido: CanManageAch. Tipo de operación: GET. Naturaleza: solo consulta. Genera auditoría: sí, por trazas de acceso y correlación operativa. Códigos de respuesta deducibles: 200. Riesgo operativo: medio; consultas con filtros incorrectos pueden producir diagnósticos operativos erróneos. Relación ACH/CENIT/NACHA-M: mantiene consistencia operativa del dominio catalog types dentro del circuito ACH/CENIT/NACHA-M. Precauciones para desarrollo u operación: validar filtros, rangos de fecha y correlación de identificadores antes de usar resultados de /catalog-types/{catalogType} en decisiones operativas.",no,no,no
POST,/catalog-types/{catalogType},Registro de catalog types: registra una solicitud de create dentro de catalog types para la ruta /catalog-types/{catalogType},"Qué hace: registra una solicitud de create dentro de catalog types para la ruta /catalog-types/{catalogType}. Cuándo se usa: se utiliza durante ventanas operativas controladas cuando se requiere aplicar cambios en catalog types (/catalog-types/{catalogType}). Perfil consumidor: equipos funcionales y técnicos responsables de catalog types. Permiso requerido: CanManageAch. Tipo de operación: POST. Naturaleza: modifica información. Genera auditoría: sí, explícita por cambio de estado o acción operativa. Códigos de respuesta deducibles: 200. Riesgo operativo: medio/alto; un cambio incorrecto puede afectar conciliación ACH, trazabilidad CENIT o integridad NACHA-M. Relación ACH/CENIT/NACHA-M: mantiene consistencia operativa del dominio catalog types dentro del circuito ACH/CENIT/NACHA-M. Precauciones para desarrollo u operación: aplicar segregación de funciones, bitácora de cambio y verificación de impacto antes de confirmar la acción en /catalog-types/{catalogType}.",no,no,no
DELETE,/catalog-types/{catalogType}/{code},Eliminación de catalog types: elimina recursos asociados a delete dentro de catalog types para la ruta /catalog-types/{catalogType}/{code},"Qué hace: elimina recursos asociados a delete dentro de catalog types para la ruta /catalog-types/{catalogType}/{code}. Cuándo se usa: se utiliza durante ventanas operativas controladas cuando se requiere aplicar cambios en catalog types (/catalog-types/{catalogType}/{code}). Perfil consumidor: equipos funcionales y técnicos responsables de catalog types. Permiso requerido: CanManageAch. Tipo de operación: DELETE. Naturaleza: modifica información. Genera auditoría: sí, explícita por cambio de estado o acción operativa. Códigos de respuesta deducibles: 200. Riesgo operativo: medio/alto; un cambio incorrecto puede afectar conciliación ACH, trazabilidad CENIT o integridad NACHA-M. Relación ACH/CENIT/NACHA-M: mantiene consistencia operativa del dominio catalog types dentro del circuito ACH/CENIT/NACHA-M. Precauciones para desarrollo u operación: aplicar segregación de funciones, bitácora de cambio y verificación de impacto antes de confirmar la acción en /catalog-types/{catalogType}/{code}.",no,no,no
PUT,/catalog-types/{catalogType}/{code},Actualización de catalog types: actualiza información de update dentro de catalog types para la ruta /catalog-types/{catalogType}/{code},"Qué hace: actualiza información de update dentro de catalog types para la ruta /catalog-types/{catalogType}/{code}. Cuándo se usa: se utiliza durante ventanas operativas controladas cuando se requiere aplicar cambios en catalog types (/catalog-types/{catalogType}/{code}). Perfil consumidor: equipos funcionales y técnicos responsables de catalog types. Permiso requerido: CanManageAch. Tipo de operación: PUT. Naturaleza: modifica información. Genera auditoría: sí, explícita por cambio de estado o acción operativa. Códigos de respuesta deducibles: 200. Riesgo operativo: medio/alto; un cambio incorrecto puede afectar conciliación ACH, trazabilidad CENIT o integridad NACHA-M. Relación ACH/CENIT/NACHA-M: mantiene consistencia operativa del dominio catalog types dentro del circuito ACH/CENIT/NACHA-M. Precauciones para desarrollo u operación: aplicar segregación de funciones, bitácora de cambio y verificación de impacto antes de confirmar la acción en /catalog-types/{catalogType}/{code}.",no,no,no
GET,/clearing-house-cycle-configs,Consulta de ciclos y lotes ACH: consulta get by clearing house dentro de ciclos y lotes ACH para la ruta /clearing-house-cycle-configs,"Qué hace: consulta get by clearing house dentro de ciclos y lotes ACH para la ruta /clearing-house-cycle-configs. Cuándo se usa: se utiliza en monitoreo operativo, conciliación y soporte cuando se requiere visibilidad puntual en ciclos y lotes ACH (/clearing-house-cycle-configs). Perfil consumidor: equipos funcionales y técnicos responsables de ciclos y lotes ACH. Permiso requerido: CanManageAch. Tipo de operación: GET. Naturaleza: solo consulta. Genera auditoría: sí, por trazas de acceso y correlación operativa. Códigos de respuesta deducibles: 200. Riesgo operativo: medio; consultas con filtros incorrectos pueden producir diagnósticos operativos erróneos. Relación ACH/CENIT/NACHA-M: impacta la preparación y cierre de ciclos ACH con efectos en conciliación CENIT. Precauciones para desarrollo u operación: validar filtros, rangos de fecha y correlación de identificadores antes de usar resultados de /clearing-house-cycle-configs en decisiones operativas.",no,no,no
POST,/clearing-house-cycle-configs,Registro de ciclos y lotes ACH: registra una solicitud de create version dentro de ciclos y lotes ACH para la ruta /clearing-house-cycle-configs,"Qué hace: registra una solicitud de create version dentro de ciclos y lotes ACH para la ruta /clearing-house-cycle-configs. Cuándo se usa: se utiliza durante ventanas operativas controladas cuando se requiere aplicar cambios en ciclos y lotes ACH (/clearing-house-cycle-configs). Perfil consumidor: equipos funcionales y técnicos responsables de ciclos y lotes ACH. Permiso requerido: CanManageAch. Tipo de operación: POST. Naturaleza: modifica información. Genera auditoría: sí, explícita por cambio de estado o acción operativa. Códigos de respuesta deducibles: 200. Riesgo operativo: medio/alto; un cambio incorrecto puede afectar conciliación ACH, trazabilidad CENIT o integridad NACHA-M. Relación ACH/CENIT/NACHA-M: impacta la preparación y cierre de ciclos ACH con efectos en conciliación CENIT. Precauciones para desarrollo u operación: aplicar segregación de funciones, bitácora de cambio y verificación de impacto antes de confirmar la acción en /clearing-house-cycle-configs.",no,no,no
GET,/clearing-house-cycle-configs/current,Consulta de ciclos y lotes ACH: consulta get current by clearing house dentro de ciclos y lotes ACH para la ruta /clearing-house-cycle-configs/current,"Qué hace: consulta get current by clearing house dentro de ciclos y lotes ACH para la ruta /clearing-house-cycle-configs/current. Cuándo se usa: se utiliza en monitoreo operativo, conciliación y soporte cuando se requiere visibilidad puntual en ciclos y lotes ACH (/clearing-house-cycle-configs/current). Perfil consumidor: equipos funcionales y técnicos responsables de ciclos y lotes ACH. Permiso requerido: CanManageAch. Tipo de operación: GET. Naturaleza: solo consulta. Genera auditoría: sí, por trazas de acceso y correlación operativa. Códigos de respuesta deducibles: 200. Riesgo operativo: medio; consultas con filtros incorrectos pueden producir diagnósticos operativos erróneos. Relación ACH/CENIT/NACHA-M: impacta la preparación y cierre de ciclos ACH con efectos en conciliación CENIT. Precauciones para desarrollo u operación: validar filtros, rangos de fecha y correlación de identificadores antes de usar resultados de /clearing-house-cycle-configs/current en decisiones operativas.",no,no,no
POST,/clearing-house-cycle-configs/{id}/inactivate,Registro de ciclos y lotes ACH: registra una solicitud de inactivate dentro de ciclos y lotes ACH para la ruta /clearing-house-cycle-configs/{id}/inactivate,"Qué hace: registra una solicitud de inactivate dentro de ciclos y lotes ACH para la ruta /clearing-house-cycle-configs/{id}/inactivate. Cuándo se usa: se utiliza durante ventanas operativas controladas cuando se requiere aplicar cambios en ciclos y lotes ACH (/clearing-house-cycle-configs/{id}/inactivate). Perfil consumidor: equipos funcionales y técnicos responsables de ciclos y lotes ACH. Permiso requerido: CanManageAch. Tipo de operación: POST. Naturaleza: modifica información. Genera auditoría: sí, explícita por cambio de estado o acción operativa. Códigos de respuesta deducibles: 200. Riesgo operativo: medio/alto; un cambio incorrecto puede afectar conciliación ACH, trazabilidad CENIT o integridad NACHA-M. Relación ACH/CENIT/NACHA-M: impacta la preparación y cierre de ciclos ACH con efectos en conciliación CENIT. Precauciones para desarrollo u operación: aplicar segregación de funciones, bitácora de cambio y verificación de impacto antes de confirmar la acción en /clearing-house-cycle-configs/{id}/inactivate.",no,no,no
GET,/clearing-house-special-dates,Consulta de clearing house special dates: consulta get all dentro de clearing house special dates para la ruta /clearing-house-special-dates,"Qué hace: consulta get all dentro de clearing house special dates para la ruta /clearing-house-special-dates. Cuándo se usa: se utiliza en monitoreo operativo, conciliación y soporte cuando se requiere visibilidad puntual en clearing house special dates (/clearing-house-special-dates). Perfil consumidor: equipos funcionales y técnicos responsables de clearing house special dates. Permiso requerido: CanManageAch. Tipo de operación: GET. Naturaleza: solo consulta. Genera auditoría: sí, por trazas de acceso y correlación operativa. Códigos de respuesta deducibles: 200. Riesgo operativo: medio; consultas con filtros incorrectos pueden producir diagnósticos operativos erróneos. Relación ACH/CENIT/NACHA-M: mantiene consistencia operativa del dominio clearing house special dates dentro del circuito ACH/CENIT/NACHA-M. Precauciones para desarrollo u operación: validar filtros, rangos de fecha y correlación de identificadores antes de usar resultados de /clearing-house-special-dates en decisiones operativas.",no,no,no
POST,/clearing-house-special-dates,Registro de clearing house special dates: registra una solicitud de create dentro de clearing house special dates para la ruta /clearing-house-special-dates,"Qué hace: registra una solicitud de create dentro de clearing house special dates para la ruta /clearing-house-special-dates. Cuándo se usa: se utiliza durante ventanas operativas controladas cuando se requiere aplicar cambios en clearing house special dates (/clearing-house-special-dates). Perfil consumidor: equipos funcionales y técnicos responsables de clearing house special dates. Permiso requerido: CanManageAch. Tipo de operación: POST. Naturaleza: modifica información. Genera auditoría: sí, explícita por cambio de estado o acción operativa. Códigos de respuesta deducibles: 200. Riesgo operativo: medio/alto; un cambio incorrecto puede afectar conciliación ACH, trazabilidad CENIT o integridad NACHA-M. Relación ACH/CENIT/NACHA-M: mantiene consistencia operativa del dominio clearing house special dates dentro del circuito ACH/CENIT/NACHA-M. Precauciones para desarrollo u operación: aplicar segregación de funciones, bitácora de cambio y verificación de impacto antes de confirmar la acción en /clearing-house-special-dates.",no,no,no
DELETE,/clearing-house-special-dates/{id},Eliminación de clearing house special dates: elimina recursos asociados a delete dentro de clearing house special dates para la ruta /clearing-house-special-dates/{id},"Qué hace: elimina recursos asociados a delete dentro de clearing house special dates para la ruta /clearing-house-special-dates/{id}. Cuándo se usa: se utiliza durante ventanas operativas controladas cuando se requiere aplicar cambios en clearing house special dates (/clearing-house-special-dates/{id}). Perfil consumidor: equipos funcionales y técnicos responsables de clearing house special dates. Permiso requerido: CanManageAch. Tipo de operación: DELETE. Naturaleza: modifica información. Genera auditoría: sí, explícita por cambio de estado o acción operativa. Códigos de respuesta deducibles: 200. Riesgo operativo: medio/alto; un cambio incorrecto puede afectar conciliación ACH, trazabilidad CENIT o integridad NACHA-M. Relación ACH/CENIT/NACHA-M: mantiene consistencia operativa del dominio clearing house special dates dentro del circuito ACH/CENIT/NACHA-M. Precauciones para desarrollo u operación: aplicar segregación de funciones, bitácora de cambio y verificación de impacto antes de confirmar la acción en /clearing-house-special-dates/{id}.",no,no,no
PUT,/clearing-house-special-dates/{id},Actualización de clearing house special dates: actualiza información de update dentro de clearing house special dates para la ruta /clearing-house-special-dates/{id},"Qué hace: actualiza información de update dentro de clearing house special dates para la ruta /clearing-house-special-dates/{id}. Cuándo se usa: se utiliza durante ventanas operativas controladas cuando se requiere aplicar cambios en clearing house special dates (/clearing-house-special-dates/{id}). Perfil consumidor: equipos funcionales y técnicos responsables de clearing house special dates. Permiso requerido: CanManageAch. Tipo de operación: PUT. Naturaleza: modifica información. Genera auditoría: sí, explícita por cambio de estado o acción operativa. Códigos de respuesta deducibles: 200. Riesgo operativo: medio/alto; un cambio incorrecto puede afectar conciliación ACH, trazabilidad CENIT o integridad NACHA-M. Relación ACH/CENIT/NACHA-M: mantiene consistencia operativa del dominio clearing house special dates dentro del circuito ACH/CENIT/NACHA-M. Precauciones para desarrollo u operación: aplicar segregación de funciones, bitácora de cambio y verificación de impacto antes de confirmar la acción en /clearing-house-special-dates/{id}.",no,no,no
GET,/clearing-houses,Consulta de clearing houses: consulta get dentro de clearing houses para la ruta /clearing-houses,"Qué hace: consulta get dentro de clearing houses para la ruta /clearing-houses. Cuándo se usa: se utiliza en monitoreo operativo, conciliación y soporte cuando se requiere visibilidad puntual en clearing houses (/clearing-houses). Perfil consumidor: equipos funcionales y técnicos responsables de clearing houses. Permiso requerido: CanReadAch. Tipo de operación: GET. Naturaleza: solo consulta. Genera auditoría: sí, por trazas de acceso y correlación operativa. Códigos de respuesta deducibles: 200. Riesgo operativo: medio; consultas con filtros incorrectos pueden producir diagnósticos operativos erróneos. Relación ACH/CENIT/NACHA-M: mantiene consistencia operativa del dominio clearing houses dentro del circuito ACH/CENIT/NACHA-M. Precauciones para desarrollo u operación: validar filtros, rangos de fecha y correlación de identificadores antes de usar resultados de /clearing-houses en decisiones operativas.",no,no,no
GET,/clearing-houses/{id},Consulta de clearing houses: consulta get by id dentro de clearing houses para la ruta /clearing-houses/{id},"Qué hace: consulta get by id dentro de clearing houses para la ruta /clearing-houses/{id}. Cuándo se usa: se utiliza en monitoreo operativo, conciliación y soporte cuando se requiere visibilidad puntual en clearing houses (/clearing-houses/{id}). Perfil consumidor: equipos funcionales y técnicos responsables de clearing houses. Permiso requerido: CanReadAch. Tipo de operación: GET. Naturaleza: solo consulta. Genera auditoría: sí, por trazas de acceso y correlación operativa. Códigos de respuesta deducibles: 200. Riesgo operativo: medio; consultas con filtros incorrectos pueden producir diagnósticos operativos erróneos. Relación ACH/CENIT/NACHA-M: mantiene consistencia operativa del dominio clearing houses dentro del circuito ACH/CENIT/NACHA-M. Precauciones para desarrollo u operación: validar filtros, rangos de fecha y correlación de identificadores antes de usar resultados de /clearing-houses/{id} en decisiones operativas.",no,no,no
GET,/clearing-houses/{id}/cycles,Consulta de ciclos y lotes ACH: consulta get cycles for clearing house dentro de ciclos y lotes ACH para la ruta /clearing-houses/{id}/cycles,"Qué hace: consulta get cycles for clearing house dentro de ciclos y lotes ACH para la ruta /clearing-houses/{id}/cycles. Cuándo se usa: se utiliza en monitoreo operativo, conciliación y soporte cuando se requiere visibilidad puntual en ciclos y lotes ACH (/clearing-houses/{id}/cycles). Perfil consumidor: equipos funcionales y técnicos responsables de ciclos y lotes ACH. Permiso requerido: CanReadAch. Tipo de operación: GET. Naturaleza: solo consulta. Genera auditoría: sí, por trazas de acceso y correlación operativa. Códigos de respuesta deducibles: 200. Riesgo operativo: medio; consultas con filtros incorrectos pueden producir diagnósticos operativos erróneos. Relación ACH/CENIT/NACHA-M: impacta la preparación y cierre de ciclos ACH con efectos en conciliación CENIT. Precauciones para desarrollo u operación: validar filtros, rangos de fecha y correlación de identificadores antes de usar resultados de /clearing-houses/{id}/cycles en decisiones operativas.",no,no,no
GET,/company-entry-descriptions,Consulta de company entry descriptions: consulta get all dentro de company entry descriptions para la ruta /company-entry-descriptions,"Qué hace: consulta get all dentro de company entry descriptions para la ruta /company-entry-descriptions. Cuándo se usa: se utiliza en monitoreo operativo, conciliación y soporte cuando se requiere visibilidad puntual en company entry descriptions (/company-entry-descriptions). Perfil consumidor: equipos funcionales y técnicos responsables de company entry descriptions. Permiso requerido: CanManageAch. Tipo de operación: GET. Naturaleza: solo consulta. Genera auditoría: sí, por trazas de acceso y correlación operativa. Códigos de respuesta deducibles: 200. Riesgo operativo: medio; consultas con filtros incorrectos pueden producir diagnósticos operativos erróneos. Relación ACH/CENIT/NACHA-M: mantiene consistencia operativa del dominio company entry descriptions dentro del circuito ACH/CENIT/NACHA-M. Precauciones para desarrollo u operación: validar filtros, rangos de fecha y correlación de identificadores antes de usar resultados de /company-entry-descriptions en decisiones operativas.",no,no,no
POST,/company-entry-descriptions,Registro de company entry descriptions: registra una solicitud de create dentro de company entry descriptions para la ruta /company-entry-descriptions,"Qué hace: registra una solicitud de create dentro de company entry descriptions para la ruta /company-entry-descriptions. Cuándo se usa: se utiliza durante ventanas operativas controladas cuando se requiere aplicar cambios en company entry descriptions (/company-entry-descriptions). Perfil consumidor: equipos funcionales y técnicos responsables de company entry descriptions. Permiso requerido: CanManageAch. Tipo de operación: POST. Naturaleza: modifica información. Genera auditoría: sí, explícita por cambio de estado o acción operativa. Códigos de respuesta deducibles: 200. Riesgo operativo: medio/alto; un cambio incorrecto puede afectar conciliación ACH, trazabilidad CENIT o integridad NACHA-M. Relación ACH/CENIT/NACHA-M: mantiene consistencia operativa del dominio company entry descriptions dentro del circuito ACH/CENIT/NACHA-M. Precauciones para desarrollo u operación: aplicar segregación de funciones, bitácora de cambio y verificación de impacto antes de confirmar la acción en /company-entry-descriptions.",no,no,no
DELETE,/company-entry-descriptions/{id},Eliminación de company entry descriptions: elimina recursos asociados a delete dentro de company entry descriptions para la ruta /company-entry-descriptions/{id},"Qué hace: elimina recursos asociados a delete dentro de company entry descriptions para la ruta /company-entry-descriptions/{id}. Cuándo se usa: se utiliza durante ventanas operativas controladas cuando se requiere aplicar cambios en company entry descriptions (/company-entry-descriptions/{id}). Perfil consumidor: equipos funcionales y técnicos responsables de company entry descriptions. Permiso requerido: CanManageAch. Tipo de operación: DELETE. Naturaleza: modifica información. Genera auditoría: sí, explícita por cambio de estado o acción operativa. Códigos de respuesta deducibles: 200. Riesgo operativo: medio/alto; un cambio incorrecto puede afectar conciliación ACH, trazabilidad CENIT o integridad NACHA-M. Relación ACH/CENIT/NACHA-M: mantiene consistencia operativa del dominio company entry descriptions dentro del circuito ACH/CENIT/NACHA-M. Precauciones para desarrollo u operación: aplicar segregación de funciones, bitácora de cambio y verificación de impacto antes de confirmar la acción en /company-entry-descriptions/{id}.",no,no,no
PUT,/company-entry-descriptions/{id},Actualización de company entry descriptions: actualiza información de update dentro de company entry descriptions para la ruta /company-entry-descriptions/{id},"Qué hace: actualiza información de update dentro de company entry descriptions para la ruta /company-entry-descriptions/{id}. Cuándo se usa: se utiliza durante ventanas operativas controladas cuando se requiere aplicar cambios en company entry descriptions (/company-entry-descriptions/{id}). Perfil consumidor: equipos funcionales y técnicos responsables de company entry descriptions. Permiso requerido: CanManageAch. Tipo de operación: PUT. Naturaleza: modifica información. Genera auditoría: sí, explícita por cambio de estado o acción operativa. Códigos de respuesta deducibles: 200. Riesgo operativo: medio/alto; un cambio incorrecto puede afectar conciliación ACH, trazabilidad CENIT o integridad NACHA-M. Relación ACH/CENIT/NACHA-M: mantiene consistencia operativa del dominio company entry descriptions dentro del circuito ACH/CENIT/NACHA-M. Precauciones para desarrollo u operación: aplicar segregación de funciones, bitácora de cambio y verificación de impacto antes de confirmar la acción en /company-entry-descriptions/{id}.",no,no,no
GET,/customers,Obtiene el listado de clientes registrados.,"Qué hace: consulta get all dentro de customers para la ruta /customers. Cuándo se usa: se utiliza en monitoreo operativo, conciliación y soporte cuando se requiere visibilidad puntual en customers (/customers). Perfil consumidor: equipos funcionales y técnicos responsables de customers. Permiso requerido: CanReadAch. Tipo de operación: GET. Naturaleza: solo consulta. Genera auditoría: sí, por trazas de acceso y correlación operativa. Códigos de respuesta deducibles: 200. Riesgo operativo: medio; consultas con filtros incorrectos pueden producir diagnósticos operativos erróneos. Relación ACH/CENIT/NACHA-M: mantiene consistencia operativa del dominio customers dentro del circuito ACH/CENIT/NACHA-M. Precauciones para desarrollo u operación: validar filtros, rangos de fecha y correlación de identificadores antes de usar resultados de /customers en decisiones operativas.",no,no,no
POST,/customers,Registra un nuevo cliente.,"Qué hace: registra una solicitud de create dentro de customers para la ruta /customers. Cuándo se usa: se utiliza durante ventanas operativas controladas cuando se requiere aplicar cambios en customers (/customers). Perfil consumidor: equipos funcionales y técnicos responsables de customers. Permiso requerido: CanManageAch. Tipo de operación: POST. Naturaleza: modifica información. Genera auditoría: sí, explícita por cambio de estado o acción operativa. Códigos de respuesta deducibles: 201, 400. Riesgo operativo: medio/alto; un cambio incorrecto puede afectar conciliación ACH, trazabilidad CENIT o integridad NACHA-M. Relación ACH/CENIT/NACHA-M: mantiene consistencia operativa del dominio customers dentro del circuito ACH/CENIT/NACHA-M. Precauciones para desarrollo u operación: aplicar segregación de funciones, bitácora de cambio y verificación de impacto antes de confirmar la acción en /customers.",no,no,no
DELETE,/customers/{id},Elimina un cliente por identificador.,"Qué hace: elimina recursos asociados a delete dentro de customers para la ruta /customers/{id}. Cuándo se usa: se utiliza durante ventanas operativas controladas cuando se requiere aplicar cambios en customers (/customers/{id}). Perfil consumidor: equipos funcionales y técnicos responsables de customers. Permiso requerido: CanManageAch. Tipo de operación: DELETE. Naturaleza: modifica información. Genera auditoría: sí, explícita por cambio de estado o acción operativa. Códigos de respuesta deducibles: 204, 404. Riesgo operativo: medio/alto; un cambio incorrecto puede afectar conciliación ACH, trazabilidad CENIT o integridad NACHA-M. Relación ACH/CENIT/NACHA-M: mantiene consistencia operativa del dominio customers dentro del circuito ACH/CENIT/NACHA-M. Precauciones para desarrollo u operación: aplicar segregación de funciones, bitácora de cambio y verificación de impacto antes de confirmar la acción en /customers/{id}.",no,no,no
GET,/customers/{id},Obtiene el detalle de un cliente por identificador.,"Qué hace: consulta get by id dentro de customers para la ruta /customers/{id}. Cuándo se usa: se utiliza en monitoreo operativo, conciliación y soporte cuando se requiere visibilidad puntual en customers (/customers/{id}). Perfil consumidor: equipos funcionales y técnicos responsables de customers. Permiso requerido: CanReadAch. Tipo de operación: GET. Naturaleza: solo consulta. Genera auditoría: sí, por trazas de acceso y correlación operativa. Códigos de respuesta deducibles: 200, 404. Riesgo operativo: medio; consultas con filtros incorrectos pueden producir diagnósticos operativos erróneos. Relación ACH/CENIT/NACHA-M: mantiene consistencia operativa del dominio customers dentro del circuito ACH/CENIT/NACHA-M. Precauciones para desarrollo u operación: validar filtros, rangos de fecha y correlación de identificadores antes de usar resultados de /customers/{id} en decisiones operativas.",no,no,no
PUT,/customers/{id},Actualiza la información de un cliente existente.,"Qué hace: actualiza información de update dentro de customers para la ruta /customers/{id}. Cuándo se usa: se utiliza durante ventanas operativas controladas cuando se requiere aplicar cambios en customers (/customers/{id}). Perfil consumidor: equipos funcionales y técnicos responsables de customers. Permiso requerido: CanManageAch. Tipo de operación: PUT. Naturaleza: modifica información. Genera auditoría: sí, explícita por cambio de estado o acción operativa. Códigos de respuesta deducibles: 200, 400, 404. Riesgo operativo: medio/alto; un cambio incorrecto puede afectar conciliación ACH, trazabilidad CENIT o integridad NACHA-M. Relación ACH/CENIT/NACHA-M: mantiene consistencia operativa del dominio customers dentro del circuito ACH/CENIT/NACHA-M. Precauciones para desarrollo u operación: aplicar segregación de funciones, bitácora de cambio y verificación de impacto antes de confirmar la acción en /customers/{id}.",no,no,no
GET,/financial-institutions,Consulta de financial institutions: consulta get all dentro de financial institutions para la ruta /financial-institutions,"Qué hace: consulta get all dentro de financial institutions para la ruta /financial-institutions. Cuándo se usa: se utiliza en monitoreo operativo, conciliación y soporte cuando se requiere visibilidad puntual en financial institutions (/financial-institutions). Perfil consumidor: equipos funcionales y técnicos responsables de financial institutions. Permiso requerido: CanReadAch. Tipo de operación: GET. Naturaleza: solo consulta. Genera auditoría: sí, por trazas de acceso y correlación operativa. Códigos de respuesta deducibles: 200. Riesgo operativo: medio; consultas con filtros incorrectos pueden producir diagnósticos operativos erróneos. Relación ACH/CENIT/NACHA-M: mantiene consistencia operativa del dominio financial institutions dentro del circuito ACH/CENIT/NACHA-M. Precauciones para desarrollo u operación: validar filtros, rangos de fecha y correlación de identificadores antes de usar resultados de /financial-institutions en decisiones operativas.",no,no,no
POST,/financial-institutions,Registro de financial institutions: registra una solicitud de create dentro de financial institutions para la ruta /financial-institutions,"Qué hace: registra una solicitud de create dentro de financial institutions para la ruta /financial-institutions. Cuándo se usa: se utiliza durante ventanas operativas controladas cuando se requiere aplicar cambios en financial institutions (/financial-institutions). Perfil consumidor: equipos funcionales y técnicos responsables de financial institutions. Permiso requerido: CanManageAch. Tipo de operación: POST. Naturaleza: modifica información. Genera auditoría: sí, explícita por cambio de estado o acción operativa. Códigos de respuesta deducibles: 200. Riesgo operativo: medio/alto; un cambio incorrecto puede afectar conciliación ACH, trazabilidad CENIT o integridad NACHA-M. Relación ACH/CENIT/NACHA-M: mantiene consistencia operativa del dominio financial institutions dentro del circuito ACH/CENIT/NACHA-M. Precauciones para desarrollo u operación: aplicar segregación de funciones, bitácora de cambio y verificación de impacto antes de confirmar la acción en /financial-institutions.",no,no,no
GET,/financial-institutions/{id},Consulta de financial institutions: consulta get by id dentro de financial institutions para la ruta /financial-institutions/{id},"Qué hace: consulta get by id dentro de financial institutions para la ruta /financial-institutions/{id}. Cuándo se usa: se utiliza en monitoreo operativo, conciliación y soporte cuando se requiere visibilidad puntual en financial institutions (/financial-institutions/{id}). Perfil consumidor: equipos funcionales y técnicos responsables de financial institutions. Permiso requerido: CanReadAch. Tipo de operación: GET. Naturaleza: solo consulta. Genera auditoría: sí, por trazas de acceso y correlación operativa. Códigos de respuesta deducibles: 200. Riesgo operativo: medio; consultas con filtros incorrectos pueden producir diagnósticos operativos erróneos. Relación ACH/CENIT/NACHA-M: mantiene consistencia operativa del dominio financial institutions dentro del circuito ACH/CENIT/NACHA-M. Precauciones para desarrollo u operación: validar filtros, rangos de fecha y correlación de identificadores antes de usar resultados de /financial-institutions/{id} en decisiones operativas.",no,no,no
PUT,/financial-institutions/{id},Actualización de financial institutions: actualiza información de update dentro de financial institutions para la ruta /financial-institutions/{id},"Qué hace: actualiza información de update dentro de financial institutions para la ruta /financial-institutions/{id}. Cuándo se usa: se utiliza durante ventanas operativas controladas cuando se requiere aplicar cambios en financial institutions (/financial-institutions/{id}). Perfil consumidor: equipos funcionales y técnicos responsables de financial institutions. Permiso requerido: CanManageAch. Tipo de operación: PUT. Naturaleza: modifica información. Genera auditoría: sí, explícita por cambio de estado o acción operativa. Códigos de respuesta deducibles: 200. Riesgo operativo: medio/alto; un cambio incorrecto puede afectar conciliación ACH, trazabilidad CENIT o integridad NACHA-M. Relación ACH/CENIT/NACHA-M: mantiene consistencia operativa del dominio financial institutions dentro del circuito ACH/CENIT/NACHA-M. Precauciones para desarrollo u operación: aplicar segregación de funciones, bitácora de cambio y verificación de impacto antes de confirmar la acción en /financial-institutions/{id}.",no,no,no
PATCH,/financial-institutions/{id}/status,Ajuste de financial institutions: aplica ajuste parcial de set status dentro de financial institutions para la ruta /financial-institutions/{id}/status,"Qué hace: aplica ajuste parcial de set status dentro de financial institutions para la ruta /financial-institutions/{id}/status. Cuándo se usa: se utiliza durante ventanas operativas controladas cuando se requiere aplicar cambios en financial institutions (/financial-institutions/{id}/status). Perfil consumidor: equipos funcionales y técnicos responsables de financial institutions. Permiso requerido: CanManageAch. Tipo de operación: PATCH. Naturaleza: modifica información. Genera auditoría: sí, explícita por cambio de estado o acción operativa. Códigos de respuesta deducibles: 200. Riesgo operativo: medio/alto; un cambio incorrecto puede afectar conciliación ACH, trazabilidad CENIT o integridad NACHA-M. Relación ACH/CENIT/NACHA-M: mantiene consistencia operativa del dominio financial institutions dentro del circuito ACH/CENIT/NACHA-M. Precauciones para desarrollo u operación: aplicar segregación de funciones, bitácora de cambio y verificación de impacto antes de confirmar la acción en /financial-institutions/{id}/status.",no,no,no
GET,/incoming-nacha-command-center/ingestions,Consulta paginada de ingestas NACHA entrantes,"Qué hace: lista ingestas con filtros del command center. Cuándo se usa: al analizar volumen, estados y tiempos de procesamiento. Perfil consumidor: operación ACH y analistas de soporte. Permiso requerido: CanReadAch. Tipo de operación: solo consulta. Genera auditoría: sí, vía registro de acceso. Riesgos operativos: filtros incorrectos pueden omitir casos críticos. Errores esperados: 400 por filtros inválidos; 401/403 por autorización. Relación ACH/CENIT/NACHA-M: cubre ciclo de recepción NACHA-M previo a despacho interno. Precauciones para desarrollo u operación: usar filtros de fecha/estado consistentes en incidentes.",no,no,no
GET,/incoming-nacha-command-center/ingestions/{ingestionId},Detalle de una ingestión NACHA,"Qué hace: obtiene el detalle técnico y de estado de una ingestión puntual. Cuándo se usa: durante investigación de una ingestión específica. Perfil consumidor: soporte técnico ACH. Permiso requerido: CanReadAch. Tipo de operación: solo consulta. Genera auditoría: sí, por trazas de acceso. Riesgos operativos: consultar un identificador incorrecto puede inducir diagnósticos erróneos. Errores esperados: 404 si no existe la ingestión; 401/403 por autorización. Relación ACH/CENIT/NACHA-M: permite trazar recepción NACHA-M extremo a extremo. Precauciones para desarrollo u operación: confirmar correlation id antes de escalar.",no,no,no
GET,/incoming-nacha-command-center/observability/summary,Resumen operativo de ingestión NACHA entrante,"Qué hace: consolida indicadores de observabilidad de ingestas, cola, reintentos y fallas finales en una ventana horaria. Cuándo se usa: en monitoreo operativo y mesas de soporte para detectar degradación. Perfil consumidor: operación ACH, NOC y soporte productivo. Permiso requerido: CanReadAch. Tipo de operación: solo consulta. Genera auditoría: sí, de forma indirecta por trazas de acceso y eventos previos del flujo. Riesgos operativos: tomar decisiones con una ventana horaria inadecuada puede ocultar incidentes. Errores esperados: 400 por parámetros inválidos; 401/403 por autorización. Relación ACH/CENIT/NACHA-M: supervisa el tramo NACHA-M entrante antes de su enrutamiento CENIT/ACH. Precauciones para desarrollo u operación: validar windowHours y correlacionar con bitácora antes de ejecutar acciones manuales.",no,no,no
GET,/incoming-nacha-command-center/queue,Consulta de cola operativa de NACHA entrante,"Qué hace: lista elementos pendientes/bloqueados en cola de procesamiento. Cuándo se usa: cuando hay represamiento o incumplimiento de SLA. Perfil consumidor: operadores ACH. Permiso requerido: CanReadAch. Tipo de operación: solo consulta. Genera auditoría: sí, por bitácoras del sistema. Riesgos operativos: interpretar mal estados de cola puede provocar acciones manuales innecesarias. Errores esperados: 400 por filtros inválidos; 401/403 por autorización. Relación ACH/CENIT/NACHA-M: gestiona tránsito NACHA-M hacia procesamiento ACH/CENIT. Precauciones para desarrollo u operación: revisar estado de máquina antes de intervenir manualmente.",no,no,no
GET,/incoming-nacha-command-center/queue/{queueId},Detalle de item en cola NACHA,"Qué hace: muestra datos completos y capacidades de acción para un item de cola. Cuándo se usa: antes de ejecutar reintento, desbloqueo o reencolado. Perfil consumidor: operador ACH con rol de soporte. Permiso requerido: CanReadAch. Tipo de operación: solo consulta. Genera auditoría: sí, por trazas de consulta. Riesgos operativos: actuar sin revisar detalle puede duplicar procesamiento. Errores esperados: 404 si el item no existe; 401/403 por autorización. Relación ACH/CENIT/NACHA-M: trazabilidad de eventos NACHA-M en cola de procesamiento. Precauciones para desarrollo u operación: verificar estado y restricciones de transición.",no,no,no
POST,/incoming-nacha-command-center/queue/{queueId}/mark-failed-final,Marcar falla final de item,"Qué hace: declara el item como falla final para cerrar su ciclo operativo. Cuándo se usa: cuando no existe ruta segura de recuperación. Perfil consumidor: operación ACH y liderazgo de soporte. Permiso requerido: CanManageAch. Tipo de operación: modifica información. Genera auditoría: sí, crítica para auditoría. Riesgos operativos: cerrar prematuramente un caso puede perder trazabilidad de recuperación. Errores esperados: 409 por transición inválida; 400; 401/403. Relación ACH/CENIT/NACHA-M: cierre controlado de incidentes NACHA-M en command center. Precauciones para desarrollo u operación: aprobar con doble validación operativa antes de ejecutar.",no,no,no
POST,/incoming-nacha-command-center/queue/{queueId}/requeue,Reencolado manual de item,"Qué hace: envía nuevamente un item a la cola para reproceso controlado. Cuándo se usa: en remediaciones operativas con ventana vigente. Perfil consumidor: operación ACH. Permiso requerido: CanManageAch. Tipo de operación: modifica información. Genera auditoría: sí, explícita. Riesgos operativos: reencolar sin control puede saturar cola y degradar SLA. Errores esperados: 409 por transición inválida; 400; 401/403. Relación ACH/CENIT/NACHA-M: recuperación de transacciones NACHA-M no completadas. Precauciones para desarrollo u operación: coordinar con capacidad de procesamiento antes del reencolado.",no,no,no
POST,/incoming-nacha-command-center/queue/{queueId}/retry,Reintento manual de item en cola,"Qué hace: dispara un reintento manual del procesamiento de un item en cola. Cuándo se usa: tras resolver causa transitoria de falla. Perfil consumidor: operadores ACH con funciones de contingencia. Permiso requerido: CanManageAch. Tipo de operación: modifica información. Genera auditoría: sí, explícita en auditoría de acciones manuales. Riesgos operativos: reintentos indebidos pueden generar reprocesos o duplicidad. Errores esperados: 409 por transición inválida; 400 por solicitud inválida; 401/403 por autorización. Relación ACH/CENIT/NACHA-M: mantiene continuidad del flujo NACHA-M ante fallas temporales. Precauciones para desarrollo u operación: documentar causa del reintento y validar idempotencia.",no,no,no
POST,/incoming-nacha-command-center/queue/{queueId}/unblock,Desbloqueo manual de item en cola,"Qué hace: libera un item bloqueado para continuar procesamiento. Cuándo se usa: cuando el bloqueo ya fue analizado y aprobado. Perfil consumidor: operación ACH senior. Permiso requerido: CanManageAch. Tipo de operación: modifica información. Genera auditoría: sí, explícita en auditoría. Riesgos operativos: desbloqueos sin análisis pueden reactivar errores de seguridad/negocio. Errores esperados: 409 por estado incompatible; 400 por solicitud inválida; 401/403. Relación ACH/CENIT/NACHA-M: habilita continuidad del canal NACHA-M. Precauciones para desarrollo u operación: registrar motivo y evidencia operativa en ticket.",no,no,no
GET,/institution-clearing-house-preferences,Consulta de institution clearing house preferences: consulta get all dentro de institution clearing house preferences para la ruta /institution-clearing-house-preferences,"Qué hace: consulta get all dentro de institution clearing house preferences para la ruta /institution-clearing-house-preferences. Cuándo se usa: se utiliza en monitoreo operativo, conciliación y soporte cuando se requiere visibilidad puntual en institution clearing house preferences (/institution-clearing-house-preferences). Perfil consumidor: equipos funcionales y técnicos responsables de institution clearing house preferences. Permiso requerido: CanManageAch. Tipo de operación: GET. Naturaleza: solo consulta. Genera auditoría: sí, por trazas de acceso y correlación operativa. Códigos de respuesta deducibles: 200. Riesgo operativo: medio; consultas con filtros incorrectos pueden producir diagnósticos operativos erróneos. Relación ACH/CENIT/NACHA-M: mantiene consistencia operativa del dominio institution clearing house preferences dentro del circuito ACH/CENIT/NACHA-M. Precauciones para desarrollo u operación: validar filtros, rangos de fecha y correlación de identificadores antes de usar resultados de /institution-clearing-house-preferences en decisiones operativas.",no,no,no
POST,/institution-clearing-house-preferences,Registro de institution clearing house preferences: registra una solicitud de create dentro de institution clearing house preferences para la ruta /institution-clearing-house-preferences,"Qué hace: registra una solicitud de create dentro de institution clearing house preferences para la ruta /institution-clearing-house-preferences. Cuándo se usa: se utiliza durante ventanas operativas controladas cuando se requiere aplicar cambios en institution clearing house preferences (/institution-clearing-house-preferences). Perfil consumidor: equipos funcionales y técnicos responsables de institution clearing house preferences. Permiso requerido: CanManageAch. Tipo de operación: POST. Naturaleza: modifica información. Genera auditoría: sí, explícita por cambio de estado o acción operativa. Códigos de respuesta deducibles: 200. Riesgo operativo: medio/alto; un cambio incorrecto puede afectar conciliación ACH, trazabilidad CENIT o integridad NACHA-M. Relación ACH/CENIT/NACHA-M: mantiene consistencia operativa del dominio institution clearing house preferences dentro del circuito ACH/CENIT/NACHA-M. Precauciones para desarrollo u operación: aplicar segregación de funciones, bitácora de cambio y verificación de impacto antes de confirmar la acción en /institution-clearing-house-preferences.",no,no,no
DELETE,/institution-clearing-house-preferences/{id},Eliminación de institution clearing house preferences: elimina recursos asociados a delete dentro de institution clearing house preferences para la ruta /institution-clearing-house-preferences/{id},"Qué hace: elimina recursos asociados a delete dentro de institution clearing house preferences para la ruta /institution-clearing-house-preferences/{id}. Cuándo se usa: se utiliza durante ventanas operativas controladas cuando se requiere aplicar cambios en institution clearing house preferences (/institution-clearing-house-preferences/{id}). Perfil consumidor: equipos funcionales y técnicos responsables de institution clearing house preferences. Permiso requerido: CanManageAch. Tipo de operación: DELETE. Naturaleza: modifica información. Genera auditoría: sí, explícita por cambio de estado o acción operativa. Códigos de respuesta deducibles: 200. Riesgo operativo: medio/alto; un cambio incorrecto puede afectar conciliación ACH, trazabilidad CENIT o integridad NACHA-M. Relación ACH/CENIT/NACHA-M: mantiene consistencia operativa del dominio institution clearing house preferences dentro del circuito ACH/CENIT/NACHA-M. Precauciones para desarrollo u operación: aplicar segregación de funciones, bitácora de cambio y verificación de impacto antes de confirmar la acción en /institution-clearing-house-preferences/{id}.",no,no,no
PUT,/institution-clearing-house-preferences/{id},Actualización de institution clearing house preferences: actualiza información de update dentro de institution clearing house preferences para la ruta /institution-clearing-house-preferences/{id},"Qué hace: actualiza información de update dentro de institution clearing house preferences para la ruta /institution-clearing-house-preferences/{id}. Cuándo se usa: se utiliza durante ventanas operativas controladas cuando se requiere aplicar cambios en institution clearing house preferences (/institution-clearing-house-preferences/{id}). Perfil consumidor: equipos funcionales y técnicos responsables de institution clearing house preferences. Permiso requerido: CanManageAch. Tipo de operación: PUT. Naturaleza: modifica información. Genera auditoría: sí, explícita por cambio de estado o acción operativa. Códigos de respuesta deducibles: 200. Riesgo operativo: medio/alto; un cambio incorrecto puede afectar conciliación ACH, trazabilidad CENIT o integridad NACHA-M. Relación ACH/CENIT/NACHA-M: mantiene consistencia operativa del dominio institution clearing house preferences dentro del circuito ACH/CENIT/NACHA-M. Precauciones para desarrollo u operación: aplicar segregación de funciones, bitácora de cambio y verificación de impacto antes de confirmar la acción en /institution-clearing-house-preferences/{id}.",no,no,no
GET,/nacha-config/catalogos-filtro,Consulta de operación NACHA-M: consulta get filter catalogs dentro de operación NACHA-M para la ruta /nacha-config/catalogos-filtro,"Qué hace: consulta get filter catalogs dentro de operación NACHA-M para la ruta /nacha-config/catalogos-filtro. Cuándo se usa: se utiliza en monitoreo operativo, conciliación y soporte cuando se requiere visibilidad puntual en operación NACHA-M (/nacha-config/catalogos-filtro). Perfil consumidor: equipos funcionales y técnicos responsables de operación NACHA-M. Permiso requerido: CanReadAch. Tipo de operación: GET. Naturaleza: solo consulta. Genera auditoría: sí, por trazas de acceso y correlación operativa. Códigos de respuesta deducibles: 200. Riesgo operativo: medio; consultas con filtros incorrectos pueden producir diagnósticos operativos erróneos. Relación ACH/CENIT/NACHA-M: controla trazabilidad, generación, recepción o aseguramiento de archivos NACHA-M con impacto directo en compensación ACH/CENIT. Precauciones para desarrollo u operación: validar filtros, rangos de fecha y correlación de identificadores antes de usar resultados de /nacha-config/catalogos-filtro en decisiones operativas.",no,no,no
GET,/nacha-config/perfiles,Consulta de operación NACHA-M: consulta get profiles dentro de operación NACHA-M para la ruta /nacha-config/perfiles,"Qué hace: consulta get profiles dentro de operación NACHA-M para la ruta /nacha-config/perfiles. Cuándo se usa: se utiliza en monitoreo operativo, conciliación y soporte cuando se requiere visibilidad puntual en operación NACHA-M (/nacha-config/perfiles). Perfil consumidor: equipos funcionales y técnicos responsables de operación NACHA-M. Permiso requerido: CanReadAch. Tipo de operación: GET. Naturaleza: solo consulta. Genera auditoría: sí, por trazas de acceso y correlación operativa. Códigos de respuesta deducibles: 200. Riesgo operativo: medio; consultas con filtros incorrectos pueden producir diagnósticos operativos erróneos. Relación ACH/CENIT/NACHA-M: controla trazabilidad, generación, recepción o aseguramiento de archivos NACHA-M con impacto directo en compensación ACH/CENIT. Precauciones para desarrollo u operación: validar filtros, rangos de fecha y correlación de identificadores antes de usar resultados de /nacha-config/perfiles en decisiones operativas.",no,no,no
POST,/nacha-config/perfiles,Registro de operación NACHA-M: registra una solicitud de create draft dentro de operación NACHA-M para la ruta /nacha-config/perfiles,"Qué hace: registra una solicitud de create draft dentro de operación NACHA-M para la ruta /nacha-config/perfiles. Cuándo se usa: se utiliza durante ventanas operativas controladas cuando se requiere aplicar cambios en operación NACHA-M (/nacha-config/perfiles). Perfil consumidor: equipos funcionales y técnicos responsables de operación NACHA-M. Permiso requerido: CanManageAch. Tipo de operación: POST. Naturaleza: modifica información. Genera auditoría: sí, explícita por cambio de estado o acción operativa. Códigos de respuesta deducibles: 200. Riesgo operativo: medio/alto; un cambio incorrecto puede afectar conciliación ACH, trazabilidad CENIT o integridad NACHA-M. Relación ACH/CENIT/NACHA-M: controla trazabilidad, generación, recepción o aseguramiento de archivos NACHA-M con impacto directo en compensación ACH/CENIT. Precauciones para desarrollo u operación: aplicar segregación de funciones, bitácora de cambio y verificación de impacto antes de confirmar la acción en /nacha-config/perfiles.",no,no,no
GET,/nacha-config/perfiles/{id},Consulta de operación NACHA-M: consulta get profile dentro de operación NACHA-M para la ruta /nacha-config/perfiles/{id},"Qué hace: consulta get profile dentro de operación NACHA-M para la ruta /nacha-config/perfiles/{id}. Cuándo se usa: se utiliza en monitoreo operativo, conciliación y soporte cuando se requiere visibilidad puntual en operación NACHA-M (/nacha-config/perfiles/{id}). Perfil consumidor: equipos funcionales y técnicos responsables de operación NACHA-M. Permiso requerido: CanReadAch. Tipo de operación: GET. Naturaleza: solo consulta. Genera auditoría: sí, por trazas de acceso y correlación operativa. Códigos de respuesta deducibles: 200. Riesgo operativo: medio; consultas con filtros incorrectos pueden producir diagnósticos operativos erróneos. Relación ACH/CENIT/NACHA-M: controla trazabilidad, generación, recepción o aseguramiento de archivos NACHA-M con impacto directo en compensación ACH/CENIT. Precauciones para desarrollo u operación: validar filtros, rangos de fecha y correlación de identificadores antes de usar resultados de /nacha-config/perfiles/{id} en decisiones operativas.",no,no,no
PUT,/nacha-config/perfiles/{id},Actualización de operación NACHA-M: actualiza información de update draft dentro de operación NACHA-M para la ruta /nacha-config/perfiles/{id},"Qué hace: actualiza información de update draft dentro de operación NACHA-M para la ruta /nacha-config/perfiles/{id}. Cuándo se usa: se utiliza durante ventanas operativas controladas cuando se requiere aplicar cambios en operación NACHA-M (/nacha-config/perfiles/{id}). Perfil consumidor: equipos funcionales y técnicos responsables de operación NACHA-M. Permiso requerido: CanManageAch. Tipo de operación: PUT. Naturaleza: modifica información. Genera auditoría: sí, explícita por cambio de estado o acción operativa. Códigos de respuesta deducibles: 200. Riesgo operativo: medio/alto; un cambio incorrecto puede afectar conciliación ACH, trazabilidad CENIT o integridad NACHA-M. Relación ACH/CENIT/NACHA-M: controla trazabilidad, generación, recepción o aseguramiento de archivos NACHA-M con impacto directo en compensación ACH/CENIT. Precauciones para desarrollo u operación: aplicar segregación de funciones, bitácora de cambio y verificación de impacto antes de confirmar la acción en /nacha-config/perfiles/{id}.",no,no,no
POST,/nacha-config/perfiles/{id}/archivar,Registro de operación NACHA-M: registra una solicitud de archive dentro de operación NACHA-M para la ruta /nacha-config/perfiles/{id}/archivar,"Qué hace: registra una solicitud de archive dentro de operación NACHA-M para la ruta /nacha-config/perfiles/{id}/archivar. Cuándo se usa: se utiliza durante ventanas operativas controladas cuando se requiere aplicar cambios en operación NACHA-M (/nacha-config/perfiles/{id}/archivar). Perfil consumidor: equipos funcionales y técnicos responsables de operación NACHA-M. Permiso requerido: CanManageAch. Tipo de operación: POST. Naturaleza: modifica información. Genera auditoría: sí, explícita por cambio de estado o acción operativa. Códigos de respuesta deducibles: 200. Riesgo operativo: medio/alto; un cambio incorrecto puede afectar conciliación ACH, trazabilidad CENIT o integridad NACHA-M. Relación ACH/CENIT/NACHA-M: controla trazabilidad, generación, recepción o aseguramiento de archivos NACHA-M con impacto directo en compensación ACH/CENIT. Precauciones para desarrollo u operación: aplicar segregación de funciones, bitácora de cambio y verificación de impacto antes de confirmar la acción en /nacha-config/perfiles/{id}/archivar.",no,no,no
POST,/nacha-config/perfiles/{id}/clonar,Registro de operación NACHA-M: registra una solicitud de clone dentro de operación NACHA-M para la ruta /nacha-config/perfiles/{id}/clonar,"Qué hace: registra una solicitud de clone dentro de operación NACHA-M para la ruta /nacha-config/perfiles/{id}/clonar. Cuándo se usa: se utiliza durante ventanas operativas controladas cuando se requiere aplicar cambios en operación NACHA-M (/nacha-config/perfiles/{id}/clonar). Perfil consumidor: equipos funcionales y técnicos responsables de operación NACHA-M. Permiso requerido: CanManageAch. Tipo de operación: POST. Naturaleza: modifica información. Genera auditoría: sí, explícita por cambio de estado o acción operativa. Códigos de respuesta deducibles: 200. Riesgo operativo: medio/alto; un cambio incorrecto puede afectar conciliación ACH, trazabilidad CENIT o integridad NACHA-M. Relación ACH/CENIT/NACHA-M: controla trazabilidad, generación, recepción o aseguramiento de archivos NACHA-M con impacto directo en compensación ACH/CENIT. Precauciones para desarrollo u operación: aplicar segregación de funciones, bitácora de cambio y verificación de impacto antes de confirmar la acción en /nacha-config/perfiles/{id}/clonar.",no,no,no
PUT,/nacha-config/perfiles/{id}/fields/{fieldId},Actualización de operación NACHA-M: actualiza información de update field dentro de operación NACHA-M para la ruta /nacha-config/perfiles/{id}/fields/{fieldId},"Qué hace: actualiza información de update field dentro de operación NACHA-M para la ruta /nacha-config/perfiles/{id}/fields/{fieldId}. Cuándo se usa: se utiliza durante ventanas operativas controladas cuando se requiere aplicar cambios en operación NACHA-M (/nacha-config/perfiles/{id}/fields/{fieldId}). Perfil consumidor: equipos funcionales y técnicos responsables de operación NACHA-M. Permiso requerido: CanManageAch. Tipo de operación: PUT. Naturaleza: modifica información. Genera auditoría: sí, explícita por cambio de estado o acción operativa. Códigos de respuesta deducibles: 200. Riesgo operativo: medio/alto; un cambio incorrecto puede afectar conciliación ACH, trazabilidad CENIT o integridad NACHA-M. Relación ACH/CENIT/NACHA-M: controla trazabilidad, generación, recepción o aseguramiento de archivos NACHA-M con impacto directo en compensación ACH/CENIT. Precauciones para desarrollo u operación: aplicar segregación de funciones, bitácora de cambio y verificación de impacto antes de confirmar la acción en /nacha-config/perfiles/{id}/fields/{fieldId}.",no,no,no
GET,/nacha-config/perfiles/{id}/historial,Consulta de operación NACHA-M: consulta history dentro de operación NACHA-M para la ruta /nacha-config/perfiles/{id}/historial,"Qué hace: consulta history dentro de operación NACHA-M para la ruta /nacha-config/perfiles/{id}/historial. Cuándo se usa: se utiliza en monitoreo operativo, conciliación y soporte cuando se requiere visibilidad puntual en operación NACHA-M (/nacha-config/perfiles/{id}/historial). Perfil consumidor: equipos funcionales y técnicos responsables de operación NACHA-M. Permiso requerido: CanReadAch. Tipo de operación: GET. Naturaleza: solo consulta. Genera auditoría: sí, por trazas de acceso y correlación operativa. Códigos de respuesta deducibles: 200. Riesgo operativo: medio; consultas con filtros incorrectos pueden producir diagnósticos operativos erróneos. Relación ACH/CENIT/NACHA-M: controla trazabilidad, generación, recepción o aseguramiento de archivos NACHA-M con impacto directo en compensación ACH/CENIT. Precauciones para desarrollo u operación: validar filtros, rangos de fecha y correlación de identificadores antes de usar resultados de /nacha-config/perfiles/{id}/historial en decisiones operativas.",no,no,no
POST,/nacha-config/perfiles/{id}/inactivar,Registro de operación NACHA-M: registra una solicitud de inactivate dentro de operación NACHA-M para la ruta /nacha-config/perfiles/{id}/inactivar,"Qué hace: registra una solicitud de inactivate dentro de operación NACHA-M para la ruta /nacha-config/perfiles/{id}/inactivar. Cuándo se usa: se utiliza durante ventanas operativas controladas cuando se requiere aplicar cambios en operación NACHA-M (/nacha-config/perfiles/{id}/inactivar). Perfil consumidor: equipos funcionales y técnicos responsables de operación NACHA-M. Permiso requerido: CanManageAch. Tipo de operación: POST. Naturaleza: modifica información. Genera auditoría: sí, explícita por cambio de estado o acción operativa. Códigos de respuesta deducibles: 200. Riesgo operativo: medio/alto; un cambio incorrecto puede afectar conciliación ACH, trazabilidad CENIT o integridad NACHA-M. Relación ACH/CENIT/NACHA-M: controla trazabilidad, generación, recepción o aseguramiento de archivos NACHA-M con impacto directo en compensación ACH/CENIT. Precauciones para desarrollo u operación: aplicar segregación de funciones, bitácora de cambio y verificación de impacto antes de confirmar la acción en /nacha-config/perfiles/{id}/inactivar.",no,no,no
POST,/nacha-config/perfiles/{id}/publicar,Registro de operación NACHA-M: registra una solicitud de publish dentro de operación NACHA-M para la ruta /nacha-config/perfiles/{id}/publicar,"Qué hace: registra una solicitud de publish dentro de operación NACHA-M para la ruta /nacha-config/perfiles/{id}/publicar. Cuándo se usa: se utiliza durante ventanas operativas controladas cuando se requiere aplicar cambios en operación NACHA-M (/nacha-config/perfiles/{id}/publicar). Perfil consumidor: equipos funcionales y técnicos responsables de operación NACHA-M. Permiso requerido: CanManageAch. Tipo de operación: POST. Naturaleza: modifica información. Genera auditoría: sí, explícita por cambio de estado o acción operativa. Códigos de respuesta deducibles: 200. Riesgo operativo: medio/alto; un cambio incorrecto puede afectar conciliación ACH, trazabilidad CENIT o integridad NACHA-M. Relación ACH/CENIT/NACHA-M: controla trazabilidad, generación, recepción o aseguramiento de archivos NACHA-M con impacto directo en compensación ACH/CENIT. Precauciones para desarrollo u operación: aplicar segregación de funciones, bitácora de cambio y verificación de impacto antes de confirmar la acción en /nacha-config/perfiles/{id}/publicar.",no,no,no
PUT,/nacha-config/perfiles/{id}/records/secuencia,Actualización de operación NACHA-M: actualiza información de update sequence dentro de operación NACHA-M para la ruta /nacha-config/perfiles/{id}/records/secuencia,"Qué hace: actualiza información de update sequence dentro de operación NACHA-M para la ruta /nacha-config/perfiles/{id}/records/secuencia. Cuándo se usa: se utiliza durante ventanas operativas controladas cuando se requiere aplicar cambios en operación NACHA-M (/nacha-config/perfiles/{id}/records/secuencia). Perfil consumidor: equipos funcionales y técnicos responsables de operación NACHA-M. Permiso requerido: CanManageAch. Tipo de operación: PUT. Naturaleza: modifica información. Genera auditoría: sí, explícita por cambio de estado o acción operativa. Códigos de respuesta deducibles: 200. Riesgo operativo: medio/alto; un cambio incorrecto puede afectar conciliación ACH, trazabilidad CENIT o integridad NACHA-M. Relación ACH/CENIT/NACHA-M: controla trazabilidad, generación, recepción o aseguramiento de archivos NACHA-M con impacto directo en compensación ACH/CENIT. Precauciones para desarrollo u operación: aplicar segregación de funciones, bitácora de cambio y verificación de impacto antes de confirmar la acción en /nacha-config/perfiles/{id}/records/secuencia.",no,no,no
PUT,/nacha-config/perfiles/{id}/rules/{ruleId},Actualización de operación NACHA-M: actualiza información de update rule dentro de operación NACHA-M para la ruta /nacha-config/perfiles/{id}/rules/{ruleId},"Qué hace: actualiza información de update rule dentro de operación NACHA-M para la ruta /nacha-config/perfiles/{id}/rules/{ruleId}. Cuándo se usa: se utiliza durante ventanas operativas controladas cuando se requiere aplicar cambios en operación NACHA-M (/nacha-config/perfiles/{id}/rules/{ruleId}). Perfil consumidor: equipos funcionales y técnicos responsables de operación NACHA-M. Permiso requerido: CanManageAch. Tipo de operación: PUT. Naturaleza: modifica información. Genera auditoría: sí, explícita por cambio de estado o acción operativa. Códigos de respuesta deducibles: 200. Riesgo operativo: medio/alto; un cambio incorrecto puede afectar conciliación ACH, trazabilidad CENIT o integridad NACHA-M. Relación ACH/CENIT/NACHA-M: controla trazabilidad, generación, recepción o aseguramiento de archivos NACHA-M con impacto directo en compensación ACH/CENIT. Precauciones para desarrollo u operación: aplicar segregación de funciones, bitácora de cambio y verificación de impacto antes de confirmar la acción en /nacha-config/perfiles/{id}/rules/{ruleId}.",no,no,no
GET,/nacha-config/perfiles/{id}/snapshots,Consulta de operación NACHA-M: consulta snapshots dentro de operación NACHA-M para la ruta /nacha-config/perfiles/{id}/snapshots,"Qué hace: consulta snapshots dentro de operación NACHA-M para la ruta /nacha-config/perfiles/{id}/snapshots. Cuándo se usa: se utiliza en monitoreo operativo, conciliación y soporte cuando se requiere visibilidad puntual en operación NACHA-M (/nacha-config/perfiles/{id}/snapshots). Perfil consumidor: equipos funcionales y técnicos responsables de operación NACHA-M. Permiso requerido: CanReadAch. Tipo de operación: GET. Naturaleza: solo consulta. Genera auditoría: sí, por trazas de acceso y correlación operativa. Códigos de respuesta deducibles: 200. Riesgo operativo: medio; consultas con filtros incorrectos pueden producir diagnósticos operativos erróneos. Relación ACH/CENIT/NACHA-M: controla trazabilidad, generación, recepción o aseguramiento de archivos NACHA-M con impacto directo en compensación ACH/CENIT. Precauciones para desarrollo u operación: validar filtros, rangos de fecha y correlación de identificadores antes de usar resultados de /nacha-config/perfiles/{id}/snapshots en decisiones operativas.",no,no,no
POST,/nacha-config/perfiles/{id}/validar,Registro de operación NACHA-M: registra una solicitud de validate dentro de operación NACHA-M para la ruta /nacha-config/perfiles/{id}/validar,"Qué hace: registra una solicitud de validate dentro de operación NACHA-M para la ruta /nacha-config/perfiles/{id}/validar. Cuándo se usa: se utiliza durante ventanas operativas controladas cuando se requiere aplicar cambios en operación NACHA-M (/nacha-config/perfiles/{id}/validar). Perfil consumidor: equipos funcionales y técnicos responsables de operación NACHA-M. Permiso requerido: CanManageAch. Tipo de operación: POST. Naturaleza: modifica información. Genera auditoría: sí, explícita por cambio de estado o acción operativa. Códigos de respuesta deducibles: 200. Riesgo operativo: medio/alto; un cambio incorrecto puede afectar conciliación ACH, trazabilidad CENIT o integridad NACHA-M. Relación ACH/CENIT/NACHA-M: controla trazabilidad, generación, recepción o aseguramiento de archivos NACHA-M con impacto directo en compensación ACH/CENIT. Precauciones para desarrollo u operación: aplicar segregación de funciones, bitácora de cambio y verificación de impacto antes de confirmar la acción en /nacha-config/perfiles/{id}/validar.",no,no,no
PUT,/nacha-config/perfiles/{id}/variantes/{variantId},Actualización de operación NACHA-M: actualiza información de update variant dentro de operación NACHA-M para la ruta /nacha-config/perfiles/{id}/variantes/{variantId},"Qué hace: actualiza información de update variant dentro de operación NACHA-M para la ruta /nacha-config/perfiles/{id}/variantes/{variantId}. Cuándo se usa: se utiliza durante ventanas operativas controladas cuando se requiere aplicar cambios en operación NACHA-M (/nacha-config/perfiles/{id}/variantes/{variantId}). Perfil consumidor: equipos funcionales y técnicos responsables de operación NACHA-M. Permiso requerido: CanManageAch. Tipo de operación: PUT. Naturaleza: modifica información. Genera auditoría: sí, explícita por cambio de estado o acción operativa. Códigos de respuesta deducibles: 200. Riesgo operativo: medio/alto; un cambio incorrecto puede afectar conciliación ACH, trazabilidad CENIT o integridad NACHA-M. Relación ACH/CENIT/NACHA-M: controla trazabilidad, generación, recepción o aseguramiento de archivos NACHA-M con impacto directo en compensación ACH/CENIT. Precauciones para desarrollo u operación: aplicar segregación de funciones, bitácora de cambio y verificación de impacto antes de confirmar la acción en /nacha-config/perfiles/{id}/variantes/{variantId}.",no,no,no
POST,/nacha-config/resolver-preview,Registro de operación NACHA-M: registra una solicitud de resolver preview dentro de operación NACHA-M para la ruta /nacha-config/resolver-preview,"Qué hace: registra una solicitud de resolver preview dentro de operación NACHA-M para la ruta /nacha-config/resolver-preview. Cuándo se usa: se utiliza durante ventanas operativas controladas cuando se requiere aplicar cambios en operación NACHA-M (/nacha-config/resolver-preview). Perfil consumidor: equipos funcionales y técnicos responsables de operación NACHA-M. Permiso requerido: CanReadAch. Tipo de operación: POST. Naturaleza: modifica información. Genera auditoría: sí, explícita por cambio de estado o acción operativa. Códigos de respuesta deducibles: 200. Riesgo operativo: medio/alto; un cambio incorrecto puede afectar conciliación ACH, trazabilidad CENIT o integridad NACHA-M. Relación ACH/CENIT/NACHA-M: controla trazabilidad, generación, recepción o aseguramiento de archivos NACHA-M con impacto directo en compensación ACH/CENIT. Precauciones para desarrollo u operación: aplicar segregación de funciones, bitácora de cambio y verificación de impacto antes de confirmar la acción en /nacha-config/resolver-preview.",no,no,no
GET,/nacha-layouts,Consulta de operación NACHA-M: consulta get all dentro de operación NACHA-M para la ruta /nacha-layouts,"Qué hace: consulta get all dentro de operación NACHA-M para la ruta /nacha-layouts. Cuándo se usa: se utiliza en monitoreo operativo, conciliación y soporte cuando se requiere visibilidad puntual en operación NACHA-M (/nacha-layouts). Perfil consumidor: equipos funcionales y técnicos responsables de operación NACHA-M. Permiso requerido: CanReadAch. Tipo de operación: GET. Naturaleza: solo consulta. Genera auditoría: sí, por trazas de acceso y correlación operativa. Códigos de respuesta deducibles: 200. Riesgo operativo: medio; consultas con filtros incorrectos pueden producir diagnósticos operativos erróneos. Relación ACH/CENIT/NACHA-M: controla trazabilidad, generación, recepción o aseguramiento de archivos NACHA-M con impacto directo en compensación ACH/CENIT. Precauciones para desarrollo u operación: validar filtros, rangos de fecha y correlación de identificadores antes de usar resultados de /nacha-layouts en decisiones operativas.",no,no,no
POST,/nacha-layouts,Registro de operación NACHA-M: registra una solicitud de create dentro de operación NACHA-M para la ruta /nacha-layouts,"Qué hace: registra una solicitud de create dentro de operación NACHA-M para la ruta /nacha-layouts. Cuándo se usa: se utiliza durante ventanas operativas controladas cuando se requiere aplicar cambios en operación NACHA-M (/nacha-layouts). Perfil consumidor: equipos funcionales y técnicos responsables de operación NACHA-M. Permiso requerido: CanManageAch. Tipo de operación: POST. Naturaleza: modifica información. Genera auditoría: sí, explícita por cambio de estado o acción operativa. Códigos de respuesta deducibles: 200. Riesgo operativo: medio/alto; un cambio incorrecto puede afectar conciliación ACH, trazabilidad CENIT o integridad NACHA-M. Relación ACH/CENIT/NACHA-M: controla trazabilidad, generación, recepción o aseguramiento de archivos NACHA-M con impacto directo en compensación ACH/CENIT. Precauciones para desarrollo u operación: aplicar segregación de funciones, bitácora de cambio y verificación de impacto antes de confirmar la acción en /nacha-layouts.",no,no,no
DELETE,/nacha-layouts/{id},Eliminación de operación NACHA-M: elimina recursos asociados a delete dentro de operación NACHA-M para la ruta /nacha-layouts/{id},"Qué hace: elimina recursos asociados a delete dentro de operación NACHA-M para la ruta /nacha-layouts/{id}. Cuándo se usa: se utiliza durante ventanas operativas controladas cuando se requiere aplicar cambios en operación NACHA-M (/nacha-layouts/{id}). Perfil consumidor: equipos funcionales y técnicos responsables de operación NACHA-M. Permiso requerido: CanManageAch. Tipo de operación: DELETE. Naturaleza: modifica información. Genera auditoría: sí, explícita por cambio de estado o acción operativa. Códigos de respuesta deducibles: 200. Riesgo operativo: medio/alto; un cambio incorrecto puede afectar conciliación ACH, trazabilidad CENIT o integridad NACHA-M. Relación ACH/CENIT/NACHA-M: controla trazabilidad, generación, recepción o aseguramiento de archivos NACHA-M con impacto directo en compensación ACH/CENIT. Precauciones para desarrollo u operación: aplicar segregación de funciones, bitácora de cambio y verificación de impacto antes de confirmar la acción en /nacha-layouts/{id}.",no,no,no
GET,/nacha-layouts/{id},Consulta de operación NACHA-M: consulta get by id dentro de operación NACHA-M para la ruta /nacha-layouts/{id},"Qué hace: consulta get by id dentro de operación NACHA-M para la ruta /nacha-layouts/{id}. Cuándo se usa: se utiliza en monitoreo operativo, conciliación y soporte cuando se requiere visibilidad puntual en operación NACHA-M (/nacha-layouts/{id}). Perfil consumidor: equipos funcionales y técnicos responsables de operación NACHA-M. Permiso requerido: CanReadAch. Tipo de operación: GET. Naturaleza: solo consulta. Genera auditoría: sí, por trazas de acceso y correlación operativa. Códigos de respuesta deducibles: 200. Riesgo operativo: medio; consultas con filtros incorrectos pueden producir diagnósticos operativos erróneos. Relación ACH/CENIT/NACHA-M: controla trazabilidad, generación, recepción o aseguramiento de archivos NACHA-M con impacto directo en compensación ACH/CENIT. Precauciones para desarrollo u operación: validar filtros, rangos de fecha y correlación de identificadores antes de usar resultados de /nacha-layouts/{id} en decisiones operativas.",no,no,no
PUT,/nacha-layouts/{id},Actualización de operación NACHA-M: actualiza información de update dentro de operación NACHA-M para la ruta /nacha-layouts/{id},"Qué hace: actualiza información de update dentro de operación NACHA-M para la ruta /nacha-layouts/{id}. Cuándo se usa: se utiliza durante ventanas operativas controladas cuando se requiere aplicar cambios en operación NACHA-M (/nacha-layouts/{id}). Perfil consumidor: equipos funcionales y técnicos responsables de operación NACHA-M. Permiso requerido: CanManageAch. Tipo de operación: PUT. Naturaleza: modifica información. Genera auditoría: sí, explícita por cambio de estado o acción operativa. Códigos de respuesta deducibles: 200. Riesgo operativo: medio/alto; un cambio incorrecto puede afectar conciliación ACH, trazabilidad CENIT o integridad NACHA-M. Relación ACH/CENIT/NACHA-M: controla trazabilidad, generación, recepción o aseguramiento de archivos NACHA-M con impacto directo en compensación ACH/CENIT. Precauciones para desarrollo u operación: aplicar segregación de funciones, bitácora de cambio y verificación de impacto antes de confirmar la acción en /nacha-layouts/{id}.",no,no,no
GET,/nacha-record-definitions,Consulta de operación NACHA-M: consulta get all dentro de operación NACHA-M para la ruta /nacha-record-definitions,"Qué hace: consulta get all dentro de operación NACHA-M para la ruta /nacha-record-definitions. Cuándo se usa: se utiliza en monitoreo operativo, conciliación y soporte cuando se requiere visibilidad puntual en operación NACHA-M (/nacha-record-definitions). Perfil consumidor: equipos funcionales y técnicos responsables de operación NACHA-M. Permiso requerido: CanReadAch. Tipo de operación: GET. Naturaleza: solo consulta. Genera auditoría: sí, por trazas de acceso y correlación operativa. Códigos de respuesta deducibles: 200. Riesgo operativo: medio; consultas con filtros incorrectos pueden producir diagnósticos operativos erróneos. Relación ACH/CENIT/NACHA-M: controla trazabilidad, generación, recepción o aseguramiento de archivos NACHA-M con impacto directo en compensación ACH/CENIT. Precauciones para desarrollo u operación: validar filtros, rangos de fecha y correlación de identificadores antes de usar resultados de /nacha-record-definitions en decisiones operativas.",no,no,no
POST,/nacha-record-definitions,Registro de operación NACHA-M: registra una solicitud de create dentro de operación NACHA-M para la ruta /nacha-record-definitions,"Qué hace: registra una solicitud de create dentro de operación NACHA-M para la ruta /nacha-record-definitions. Cuándo se usa: se utiliza durante ventanas operativas controladas cuando se requiere aplicar cambios en operación NACHA-M (/nacha-record-definitions). Perfil consumidor: equipos funcionales y técnicos responsables de operación NACHA-M. Permiso requerido: CanManageAch. Tipo de operación: POST. Naturaleza: modifica información. Genera auditoría: sí, explícita por cambio de estado o acción operativa. Códigos de respuesta deducibles: 200. Riesgo operativo: medio/alto; un cambio incorrecto puede afectar conciliación ACH, trazabilidad CENIT o integridad NACHA-M. Relación ACH/CENIT/NACHA-M: controla trazabilidad, generación, recepción o aseguramiento de archivos NACHA-M con impacto directo en compensación ACH/CENIT. Precauciones para desarrollo u operación: aplicar segregación de funciones, bitácora de cambio y verificación de impacto antes de confirmar la acción en /nacha-record-definitions.",no,no,no
DELETE,/nacha-record-definitions/{id},Eliminación de operación NACHA-M: elimina recursos asociados a delete dentro de operación NACHA-M para la ruta /nacha-record-definitions/{id},"Qué hace: elimina recursos asociados a delete dentro de operación NACHA-M para la ruta /nacha-record-definitions/{id}. Cuándo se usa: se utiliza durante ventanas operativas controladas cuando se requiere aplicar cambios en operación NACHA-M (/nacha-record-definitions/{id}). Perfil consumidor: equipos funcionales y técnicos responsables de operación NACHA-M. Permiso requerido: CanManageAch. Tipo de operación: DELETE. Naturaleza: modifica información. Genera auditoría: sí, explícita por cambio de estado o acción operativa. Códigos de respuesta deducibles: 200. Riesgo operativo: medio/alto; un cambio incorrecto puede afectar conciliación ACH, trazabilidad CENIT o integridad NACHA-M. Relación ACH/CENIT/NACHA-M: controla trazabilidad, generación, recepción o aseguramiento de archivos NACHA-M con impacto directo en compensación ACH/CENIT. Precauciones para desarrollo u operación: aplicar segregación de funciones, bitácora de cambio y verificación de impacto antes de confirmar la acción en /nacha-record-definitions/{id}.",no,no,no
GET,/nacha-record-definitions/{id},Consulta de operación NACHA-M: consulta get by id dentro de operación NACHA-M para la ruta /nacha-record-definitions/{id},"Qué hace: consulta get by id dentro de operación NACHA-M para la ruta /nacha-record-definitions/{id}. Cuándo se usa: se utiliza en monitoreo operativo, conciliación y soporte cuando se requiere visibilidad puntual en operación NACHA-M (/nacha-record-definitions/{id}). Perfil consumidor: equipos funcionales y técnicos responsables de operación NACHA-M. Permiso requerido: CanReadAch. Tipo de operación: GET. Naturaleza: solo consulta. Genera auditoría: sí, por trazas de acceso y correlación operativa. Códigos de respuesta deducibles: 200. Riesgo operativo: medio; consultas con filtros incorrectos pueden producir diagnósticos operativos erróneos. Relación ACH/CENIT/NACHA-M: controla trazabilidad, generación, recepción o aseguramiento de archivos NACHA-M con impacto directo en compensación ACH/CENIT. Precauciones para desarrollo u operación: validar filtros, rangos de fecha y correlación de identificadores antes de usar resultados de /nacha-record-definitions/{id} en decisiones operativas.",no,no,no
PUT,/nacha-record-definitions/{id},Actualización de operación NACHA-M: actualiza información de update dentro de operación NACHA-M para la ruta /nacha-record-definitions/{id},"Qué hace: actualiza información de update dentro de operación NACHA-M para la ruta /nacha-record-definitions/{id}. Cuándo se usa: se utiliza durante ventanas operativas controladas cuando se requiere aplicar cambios en operación NACHA-M (/nacha-record-definitions/{id}). Perfil consumidor: equipos funcionales y técnicos responsables de operación NACHA-M. Permiso requerido: CanManageAch. Tipo de operación: PUT. Naturaleza: modifica información. Genera auditoría: sí, explícita por cambio de estado o acción operativa. Códigos de respuesta deducibles: 200. Riesgo operativo: medio/alto; un cambio incorrecto puede afectar conciliación ACH, trazabilidad CENIT o integridad NACHA-M. Relación ACH/CENIT/NACHA-M: controla trazabilidad, generación, recepción o aseguramiento de archivos NACHA-M con impacto directo en compensación ACH/CENIT. Precauciones para desarrollo u operación: aplicar segregación de funciones, bitácora de cambio y verificación de impacto antes de confirmar la acción en /nacha-record-definitions/{id}.",no,no,no
GET,/nacha-security/certificates,Inventario de certificados de sobre digital,"Qué hace: lista certificados de sobre digital registrados con metadatos de vigencia y huella. Cuándo se usa: en revisiones operativas previas a cifrado, descifrado y validación de firma. Perfil consumidor: seguridad bancaria, operación ACH y auditoría técnica. Permiso requerido: policy del controller/método vigente en código. Tipo de operación: solo consulta. Genera auditoría: sí, por trazas de acceso. Riesgos operativos: no identificar un certificado expirado puede interrumpir intercambio seguro con contrapartes. Errores esperados: 401/403 por autorización y 500 ante fallas internas. Relación ACH/CENIT/NACHA-M: administra confianza criptográfica usada por operaciones de sobre digital NACHA-M. Precauciones para desarrollo u operación: validar vigencia y tipo de certificado antes de usarlo en productivo.",no,no,no
POST,/nacha-security/certificates,Cargar o actualizar certificado de sobre digital,"Qué hace: carga certificado público o con clave privada y registra/actualiza su información en catálogo. Cuándo se usa: en alta, renovación o corrección de material criptográfico de sobre digital. Perfil consumidor: administradores de seguridad y operación ACH autorizada. Permiso requerido: policy del controller/método vigente en código. Tipo de operación: modifica información. Genera auditoría: sí, por trazabilidad de altas y cambios. Riesgos operativos: cargar archivo o contraseña incorrecta puede dejar inoperante el cifrado/descifrado. Errores esperados: 400 por archivo/contraseña inválidos; 401/403 por autorización; 500 por fallas internas. Relación ACH/CENIT/NACHA-M: soporta protección de archivos NACHA-M en tránsito mediante sobre digital. Precauciones para desarrollo u operación: validar formato, cadena de confianza y vigencia antes de activar uso operativo.",no,no,no
GET,/nacha-security/certificates/management,Consulta de certificados por filtros de gestión,"Qué hace: lista certificados gestionados por cámara, ambiente, propósito, titularidad y estado. Cuándo se usa: en gobierno de certificados, diagnóstico de operación y validación previa a generación/cifrado. Perfil consumidor: seguridad bancaria, operación ACH y auditoría. Permiso requerido: CanReadAch. Tipo de operación: solo consulta. Genera auditoría: sí, por trazas de acceso administrativo. Riesgos operativos: aplicar filtros incompletos puede ocultar versión activa o revocada. Errores esperados: 400 por filtros inválidos; 401/403 por autorización. Relación ACH/CENIT/NACHA-M: administra el inventario criptográfico que respalda intercambio seguro NACHA-M. Precauciones para desarrollo u operación: verificar siempre vigencia, estado y ambiente antes de promover cambios operativos.",no,no,no
GET,/nacha-security/certificates/management/audit,Auditoría de cargas de certificados,"Qué hace: lista eventos de carga y gestión para trazabilidad de cumplimiento. Cuándo se usa: en revisiones regulatorias y forénsicas. Perfil consumidor: auditoría y seguridad. Permiso requerido: FineGrainedPermissions.CanViewNachaSecurityAudit. Tipo de operación: solo consulta. Genera auditoría: sí, fuente primaria de auditoría. Riesgos operativos: no revisar auditoría limita detección de acciones indebidas. Errores esperados: 401/403. Relación ACH/CENIT/NACHA-M: evidencia gobierno de certificados en procesos NACHA-M. Precauciones para desarrollo u operación: preservar integridad de evidencias y control de acceso.",no,no,no
POST,/nacha-security/certificates/management/private,Registrar certificado privado,Qué hace: registra material privado o referencia segura para operaciones criptográficas. Cuándo se usa: durante aprovisionamiento/rotación de llaves. Perfil consumidor: seguridad bancaria. Permiso requerido: FineGrainedPermissions.CanManageCertificates. Tipo de operación: modifica información. Genera auditoría: sí. Riesgos operativos: manejo inseguro de clave privada compromete confidencialidad. Errores esperados: 400 archivo/contraseña/secreto inválido; 401/403. Relación ACH/CENIT/NACHA-M: habilita firmado/cifrado de artefactos NACHA-M. Precauciones para desarrollo u operación: usar almacenamiento seguro y mínimo privilegio.,no,no,no
POST,/nacha-security/certificates/management/public,Cargar certificado público,"Qué hace: registra una nueva versión de certificado público para uso operativo. Cuándo se usa: en alta/rotación de certificados de intercambio. Perfil consumidor: seguridad y operación ACH. Permiso requerido: FineGrainedPermissions.CanManageCertificates. Tipo de operación: modifica información. Genera auditoría: sí. Riesgos operativos: carga de certificado incorrecto rompe validación de firmas/cifrado. Errores esperados: 400 archivo requerido o metadatos inválidos; 401/403. Relación ACH/CENIT/NACHA-M: base de confianza para operaciones NACHA-M seguras. Precauciones para desarrollo u operación: validar emisor, vigencia y ambiente antes de publicar.",no,no,no
POST,/nacha-security/certificates/management/versions/{id}/activate,Activar versión de certificado,Qué hace: activa versión específica para uso productivo. Cuándo se usa: en ventanas de cambio aprobadas. Perfil consumidor: seguridad operativa. Permiso requerido: FineGrainedPermissions.CanManageCertificates. Tipo de operación: modifica información. Genera auditoría: sí. Riesgos operativos: activar versión errónea interrumpe firmas/cifrado. Errores esperados: 400/409 por validación de activación; 401/403. Relación ACH/CENIT/NACHA-M: impacta disponibilidad de operaciones NACHA-M seguras. Precauciones para desarrollo u operación: ejecutar con plan de reversa y validación previa.,no,no,no
POST,/nacha-security/certificates/management/versions/{id}/revoke,Revocar versión de certificado,"Qué hace: revoca una versión con motivo registrado. Cuándo se usa: ante compromiso, expiración o retiro controlado. Perfil consumidor: seguridad y cumplimiento. Permiso requerido: FineGrainedPermissions.CanManageCertificates. Tipo de operación: modifica información. Genera auditoría: sí. Riesgos operativos: revocar sin reemplazo puede detener operación. Errores esperados: 400/409 por estado inválido; 401/403. Relación ACH/CENIT/NACHA-M: control de riesgo criptográfico en intercambio NACHA-M. Precauciones para desarrollo u operación: confirmar versión sustituta antes de revocar.",no,no,no
POST,/nacha-security/certificates/management/versions/{id}/validate,Validar versión para activación,"Qué hace: ejecuta validaciones técnicas previas a activar una versión. Cuándo se usa: antes de cambios en productivo. Perfil consumidor: seguridad y operación. Permiso requerido: FineGrainedPermissions.CanManageCertificates. Tipo de operación: modifica información. Genera auditoría: sí, por rastro de validación. Riesgos operativos: omitir validación incrementa riesgo de caída operativa. Errores esperados: 400 por certificado inválido; 401/403. Relación ACH/CENIT/NACHA-M: asegura cumplimiento criptográfico para NACHA-M. Precauciones para desarrollo u operación: no activar si la validación reporta fallas.",no,no,no
GET,/nacha-security/certificates/management/{id}/versions,Versiones de un certificado,Qué hace: muestra historial/versiones de un certificado lógico. Cuándo se usa: en auditoría de rotación o investigación de incidentes. Perfil consumidor: seguridad y auditoría. Permiso requerido: CanReadAch. Tipo de operación: solo consulta. Genera auditoría: sí. Riesgos operativos: ignorar historial puede causar activación de versión obsoleta. Errores esperados: 404 id inexistente; 401/403. Relación ACH/CENIT/NACHA-M: trazabilidad de gestión criptográfica NACHA-M. Precauciones para desarrollo u operación: revisar vigencia y estado antes de activar.,no,no,no
DELETE,/nacha-security/certificates/{id},Eliminar certificado de sobre digital,Qué hace: elimina un certificado registrado en inventario de sobre digital. Cuándo se usa: en limpieza controlada o retiro operativo. Perfil consumidor: seguridad bancaria y administradores ACH. Permiso requerido: policy del controller/método vigente en código. Tipo de operación: modifica información. Genera auditoría: sí. Riesgos operativos: borrar certificado activo puede interrumpir cifrado/validación. Errores esperados: 404 no encontrado; 409 por reglas de uso; 401/403. Relación ACH/CENIT/NACHA-M: gestiona material de confianza para NACHA-M seguro. Precauciones para desarrollo u operación: validar dependencia activa antes de eliminar.,no,no,no
GET,/nacha-security/operations/audit,Bitácora de auditoría de seguridad NACHA,"Qué hace: lista operaciones de seguridad recientes para control y forénsica. Cuándo se usa: en revisiones de cumplimiento y post-mortem. Perfil consumidor: auditoría y seguridad. Permiso requerido: FineGrainedPermissions.CanViewNachaSecurityAudit. Tipo de operación: solo consulta. Genera auditoría: sí, es fuente directa de auditoría. Riesgos operativos: omitir revisión periódica reduce detección temprana de desvíos. Errores esperados: 401/403 y 400 por parámetro take fuera de rango lógico. Relación ACH/CENIT/NACHA-M: gobierna evidencia de seguridad para NACHA-M. Precauciones para desarrollo u operación: limitar acceso y exportar evidencia bajo cadena de custodia.",no,no,no
POST,/nacha-security/operations/envelope/manual-decrypt,Descifrado manual de sobre digital,Qué hace: descifra manualmente un archivo de sobre digital. Cuándo se usa: en análisis de incidentes o soporte interoperabilidad. Perfil consumidor: seguridad y soporte especializado. Permiso requerido: FineGrainedPermissions.CanManualDecryptEnvelope. Tipo de operación: modifica información. Genera auditoría: sí. Riesgos operativos: descifrar material no autorizado compromete confidencialidad. Errores esperados: 400 archivo requerido; 401/403. Relación ACH/CENIT/NACHA-M: soporta validación de interoperabilidad NACHA-M/CENIT. Precauciones para desarrollo u operación: resguardar el archivo plano resultante bajo controles estrictos.,no,no,no
POST,/nacha-security/operations/envelope/manual-encrypt,Cifrado manual de archivo,"Qué hace: cifra manualmente un archivo cargado por operador. Cuándo se usa: en contingencia o validación técnica controlada. Perfil consumidor: seguridad operativa. Permiso requerido: FineGrainedPermissions.CanManualEncryptEnvelope. Tipo de operación: modifica información. Genera auditoría: sí. Riesgos operativos: cifrar archivo equivocado puede producir envío inválido. Errores esperados: 400 archivo requerido/invalidación; 401/403. Relación ACH/CENIT/NACHA-M: aplica controles de sobre digital para NACHA-M. Precauciones para desarrollo u operación: confirmar nombre, origen y contenido antes de cifrar.",no,no,no
POST,/nacha-security/operations/nacha/generate,Generación de archivo NACHA plano,"Qué hace: genera artefacto NACHA-M sin cifrado para flujos permitidos. Cuándo se usa: en exportaciones internas o pruebas operativas controladas. Perfil consumidor: equipo ACH con funciones de generación. Permiso requerido: FineGrainedPermissions.CanGenerateNacha. Tipo de operación: modifica información. Genera auditoría: sí, en auditoría de operaciones de seguridad. Riesgos operativos: usar plano fuera de política puede exponer información sensible. Errores esperados: 400 validación, 401/403, 404 operación/ciclo no disponible. Relación ACH/CENIT/NACHA-M: creación de salida NACHA-M en módulo de seguridad. Precauciones para desarrollo u operación: aplicar políticas de manejo seguro de archivos planos.",no,no,no
POST,/nacha-security/operations/nacha/generate-encrypted,Generación de NACHA cifrado,"Qué hace: genera artefacto NACHA-M con cifrado de sobre digital. Cuándo se usa: para intercambio seguro con contrapartes o cámaras. Perfil consumidor: operación ACH y seguridad bancaria. Permiso requerido: FineGrainedPermissions.CanGenerateEncryptedNacha. Tipo de operación: modifica información. Genera auditoría: sí, explícita. Riesgos operativos: cifrado con insumos inválidos bloquea despacho interbancario. Errores esperados: 400 validación, 401/403, 404. Relación ACH/CENIT/NACHA-M: cumple requisito de protección de NACHA-M en tránsito. Precauciones para desarrollo u operación: verificar certificados activos antes de generar.",no,no,no
GET,/nacha-security/operations/{operationId},Consulta de operación de seguridad,"Qué hace: recupera estado y metadatos de una operación de seguridad digital. Cuándo se usa: para seguimiento de generación/cifrado/descifrado. Perfil consumidor: operación ACH y auditoría. Permiso requerido: CanReadAch. Tipo de operación: solo consulta. Genera auditoría: sí, por trazas. Riesgos operativos: interpretar estado incompleto puede causar descargas no autorizadas. Errores esperados: 404 operación no encontrada; 401/403. Relación ACH/CENIT/NACHA-M: trazabilidad de ciclo de artefactos NACHA-M. Precauciones para desarrollo u operación: verificar código de error antes de habilitar descarga.",no,no,no
POST,/nacha-security/operations/{operationId}/authorize-download,Autorizar descarga de artefacto,Qué hace: emite autorización temporal para descargar artefacto de una operación. Cuándo se usa: antes de descarga por canal controlado. Perfil consumidor: operación ACH con permisos finos. Permiso requerido: CanReadAch + permiso fino de descarga según tipo de artefacto. Tipo de operación: modifica información. Genera auditoría: sí. Riesgos operativos: autorizar de forma indebida habilita exfiltración de información. Errores esperados: 404 operación; 400 firma inválida o autorización no posible; 401/403. Relación ACH/CENIT/NACHA-M: controla liberación de archivos NACHA-M y sobres digitales. Precauciones para desarrollo u operación: validar tipo de artefacto y vigencia antes de autorizar.,no,no,no
GET,/nacha-security/operations/{operationId}/download,Descarga de artefacto autorizado,"Qué hace: descarga el contenido de la operación si existe autorización válida. Cuándo se usa: después de autorizar descarga y dentro de vigencia. Perfil consumidor: operación ACH y seguridad. Permiso requerido: CanReadAch + permiso fino de descarga. Tipo de operación: solo consulta. Genera auditoría: sí, por registro de descarga. Riesgos operativos: descargar sin controles puede filtrar datos sensibles. Errores esperados: 404 operación; 400 descarga no autorizada/firma inválida; 401/403. Relación ACH/CENIT/NACHA-M: entrega final de artefactos NACHA-M/ sobre digital. Precauciones para desarrollo u operación: respetar ventanas de autorización y almacenamiento seguro.",no,no,no
GET,/navigation/menu,Consulta de navigation: consulta get menu dentro de navigation para la ruta /navigation/menu,"Qué hace: consulta get menu dentro de navigation para la ruta /navigation/menu. Cuándo se usa: se utiliza en monitoreo operativo, conciliación y soporte cuando se requiere visibilidad puntual en navigation (/navigation/menu). Perfil consumidor: equipos funcionales y técnicos responsables de navigation. Permiso requerido: requiere token válido con autorización. Tipo de operación: GET. Naturaleza: solo consulta. Genera auditoría: sí, por trazas de acceso y correlación operativa. Códigos de respuesta deducibles: 200. Riesgo operativo: medio; consultas con filtros incorrectos pueden producir diagnósticos operativos erróneos. Relación ACH/CENIT/NACHA-M: mantiene consistencia operativa del dominio navigation dentro del circuito ACH/CENIT/NACHA-M. Precauciones para desarrollo u operación: validar filtros, rangos de fecha y correlación de identificadores antes de usar resultados de /navigation/menu en decisiones operativas.",no,no,no
GET,/navigation/menu-items,Consulta de menu items: consulta get menu items dentro de menu items para la ruta /navigation/menu-items,"Qué hace: consulta get menu items dentro de menu items para la ruta /navigation/menu-items. Cuándo se usa: se utiliza en monitoreo operativo, conciliación y soporte cuando se requiere visibilidad puntual en menu items (/navigation/menu-items). Perfil consumidor: equipos funcionales y técnicos responsables de menu items. Permiso requerido: roles: Admin. Tipo de operación: GET. Naturaleza: solo consulta. Genera auditoría: sí, por trazas de acceso y correlación operativa. Códigos de respuesta deducibles: 200. Riesgo operativo: medio; consultas con filtros incorrectos pueden producir diagnósticos operativos erróneos. Relación ACH/CENIT/NACHA-M: mantiene consistencia operativa del dominio menu items dentro del circuito ACH/CENIT/NACHA-M. Precauciones para desarrollo u operación: validar filtros, rangos de fecha y correlación de identificadores antes de usar resultados de /navigation/menu-items en decisiones operativas.",no,no,no
POST,/navigation/menu-items,Registro de menu items: registra una solicitud de create menu item dentro de menu items para la ruta /navigation/menu-items,"Qué hace: registra una solicitud de create menu item dentro de menu items para la ruta /navigation/menu-items. Cuándo se usa: se utiliza durante ventanas operativas controladas cuando se requiere aplicar cambios en menu items (/navigation/menu-items). Perfil consumidor: equipos funcionales y técnicos responsables de menu items. Permiso requerido: roles: Admin. Tipo de operación: POST. Naturaleza: modifica información. Genera auditoría: sí, explícita por cambio de estado o acción operativa. Códigos de respuesta deducibles: 200. Riesgo operativo: medio/alto; un cambio incorrecto puede afectar conciliación ACH, trazabilidad CENIT o integridad NACHA-M. Relación ACH/CENIT/NACHA-M: mantiene consistencia operativa del dominio menu items dentro del circuito ACH/CENIT/NACHA-M. Precauciones para desarrollo u operación: aplicar segregación de funciones, bitácora de cambio y verificación de impacto antes de confirmar la acción en /navigation/menu-items.",no,no,no
DELETE,/navigation/menu-items/{id},Eliminación de menu items: elimina recursos asociados a delete menu item dentro de menu items para la ruta /navigation/menu-items/{id},"Qué hace: elimina recursos asociados a delete menu item dentro de menu items para la ruta /navigation/menu-items/{id}. Cuándo se usa: se utiliza durante ventanas operativas controladas cuando se requiere aplicar cambios en menu items (/navigation/menu-items/{id}). Perfil consumidor: equipos funcionales y técnicos responsables de menu items. Permiso requerido: roles: Admin. Tipo de operación: DELETE. Naturaleza: modifica información. Genera auditoría: sí, explícita por cambio de estado o acción operativa. Códigos de respuesta deducibles: 200. Riesgo operativo: medio/alto; un cambio incorrecto puede afectar conciliación ACH, trazabilidad CENIT o integridad NACHA-M. Relación ACH/CENIT/NACHA-M: mantiene consistencia operativa del dominio menu items dentro del circuito ACH/CENIT/NACHA-M. Precauciones para desarrollo u operación: aplicar segregación de funciones, bitácora de cambio y verificación de impacto antes de confirmar la acción en /navigation/menu-items/{id}.",no,no,no
PUT,/navigation/menu-items/{id},Actualización de menu items: actualiza información de update menu item dentro de menu items para la ruta /navigation/menu-items/{id},"Qué hace: actualiza información de update menu item dentro de menu items para la ruta /navigation/menu-items/{id}. Cuándo se usa: se utiliza durante ventanas operativas controladas cuando se requiere aplicar cambios en menu items (/navigation/menu-items/{id}). Perfil consumidor: equipos funcionales y técnicos responsables de menu items. Permiso requerido: roles: Admin. Tipo de operación: PUT. Naturaleza: modifica información. Genera auditoría: sí, explícita por cambio de estado o acción operativa. Códigos de respuesta deducibles: 200. Riesgo operativo: medio/alto; un cambio incorrecto puede afectar conciliación ACH, trazabilidad CENIT o integridad NACHA-M. Relación ACH/CENIT/NACHA-M: mantiene consistencia operativa del dominio menu items dentro del circuito ACH/CENIT/NACHA-M. Precauciones para desarrollo u operación: aplicar segregación de funciones, bitácora de cambio y verificación de impacto antes de confirmar la acción en /navigation/menu-items/{id}.",no,no,no
GET,/return-reasons,Consulta de return reasons: consulta get all dentro de return reasons para la ruta /return-reasons,"Qué hace: consulta get all dentro de return reasons para la ruta /return-reasons. Cuándo se usa: se utiliza en monitoreo operativo, conciliación y soporte cuando se requiere visibilidad puntual en return reasons (/return-reasons). Perfil consumidor: equipos funcionales y técnicos responsables de return reasons. Permiso requerido: CanReadAch. Tipo de operación: GET. Naturaleza: solo consulta. Genera auditoría: sí, por trazas de acceso y correlación operativa. Códigos de respuesta deducibles: 200. Riesgo operativo: medio; consultas con filtros incorrectos pueden producir diagnósticos operativos erróneos. Relación ACH/CENIT/NACHA-M: mantiene consistencia operativa del dominio return reasons dentro del circuito ACH/CENIT/NACHA-M. Precauciones para desarrollo u operación: validar filtros, rangos de fecha y correlación de identificadores antes de usar resultados de /return-reasons en decisiones operativas.",no,no,no
